Pairs,Sharpe,Simple_rtn,STD,Trading_times,Holding_days,Total_days,Comm
MA_20 MA_30,-0.12904559355248035,0.022896645365141133,0.009750600831977216,218.0,2916.0,4936.0,0.0
MA_20 MA_31,-0.1582281966095197,0.1486774553635879,0.009754799726509207,202.0,2934.0,4936.0,0.0
MA_20 MA_32,0.13792191665622916,0.09943439933504816,0.009950751964744802,190.0,2954.0,4936.0,0.0
MA_20 MA_33,0.21150908005447502,0.19413098308897236,0.010014200760031613,194.0,2967.0,4936.0,0.0
MA_20 MA_34,0.2320568568110393,0.28610906562522764,0.010044646842539516,176.0,2978.0,4936.0,0.0
MA_20 MA_35,0.4714328705473565,0.5073945356165008,0.010242412832671594,168.0,2993.0,4936.0,0.0
MA_20 MA_36,0.4907481962493159,0.41724591469256733,0.010243662441817809,166.0,2994.0,4936.0,0.0
MA_20 MA_37,0.26773155463814946,0.3438637053367464,0.010458699693330027,158.0,2995.0,4936.0,0.0
MA_20 MA_38,0.383099813699248,0.46923586404255935,0.010520968813431326,154.0,3007.0,4936.0,0.0
MA_20 MA_39,0.4161419833169393,0.7452955184611618,0.010525419389787946,152.0,3010.0,4936.0,0.0
MA_20 MA_40,0.3762339280806101,0.5243050612773108,0.01052054882351824,146.0,3026.0,4936.0,0.0
MA_20 MA_41,0.37623392808060996,0.5330309162023976,0.010520548823518246,140.0,3028.0,4936.0,0.0
MA_20 MA_42,0.37623392808061157,0.6424590465317443,0.010520548823518237,138.0,3025.0,4936.0,0.0
MA_20 MA_43,0.6206312527815722,0.7101971231345601,0.010449816024605098,134.0,3026.0,4936.0,0.0
MA_20 MA_44,0.6206312527815739,0.7627953332615585,0.01044981602460509,128.0,3033.0,4936.0,0.0
MA_20 MA_45,0.6600664139579872,0.8328659166413361,0.010455493708079213,132.0,3038.0,4936.0,0.0
MA_20 MA_46,0.43528917341584683,0.7402438071185933,0.01021900741137102,130.0,3039.0,4936.0,0.0
MA_20 MA_47,0.1762472585499372,0.5341392344991989,0.010268706326768436,126.0,3038.0,4936.0,0.0
MA_20 MA_48,0.24270288850299954,0.6539983909572984,0.010289175319824716,126.0,3037.0,4936.0,0.0
MA_20 MA_49,0.32872448640739915,0.5623931855914166,0.010306003609755384,120.0,3048.0,4936.0,0.0
MA_20 MA_50,0.204229749623187,0.4831095631364348,0.010325480586071715,118.0,3058.0,4936.0,0.0
MA_20 MA_51,0.20422974962318555,0.579089199527292,0.010325480586071719,116.0,3069.0,4936.0,0.0
MA_20 MA_52,0.3025370828037025,0.8003007110508895,0.010271012204530056,118.0,3091.0,4936.0,0.0
MA_20 MA_53,0.30253708280370406,0.8661067648784575,0.01027101220453005,110.0,3122.0,4936.0,0.0
MA_20 MA_54,0.34174022482922,0.8736352694720184,0.01027754005857075,112.0,3133.0,4936.0,0.0
MA_20 MA_55,0.4062058644325448,0.9504282160023065,0.01025822656329476,108.0,3133.0,4936.0,0.0
MA_20 MA_56,0.3920507591874084,0.9722449867739078,0.010267407814984236,104.0,3153.0,4936.0,0.0
MA_20 MA_57,0.4071911122764363,1.0036818594364227,0.010266134434576626,102.0,3166.0,4936.0,0.0
MA_20 MA_58,0.2770939953923996,1.1741033251394422,0.01032443688467899,94.0,3169.0,4936.0,0.0
MA_20 MA_59,0.23436301726250666,1.1367880917523707,0.01033342492902193,92.0,3169.0,4936.0,0.0
MA_20 MA_60,0.07039456695364651,1.076220897861579,0.01026488448769686,92.0,3167.0,4936.0,0.0
MA_20 MA_61,0.08046713471392733,0.8264398614587911,0.010340672510273277,92.0,3167.0,4936.0,0.0
MA_20 MA_62,0.09184860278167611,0.8602834246789255,0.010339964860781545,92.0,3166.0,4936.0,0.0
MA_20 MA_63,-0.01803615181339704,0.9376002288765193,0.010287478096695795,90.0,3159.0,4936.0,0.0
MA_20 MA_64,0.08381967206863244,1.3472687481929992,0.010314499813188077,88.0,3154.0,4936.0,0.0
MA_20 MA_65,0.07765512633454758,1.347786402121666,0.010314962059257745,86.0,3141.0,4936.0,0.0
MA_20 MA_66,0.08269805836862995,1.3261776261740046,0.01031505934385985,80.0,3144.0,4936.0,0.0
MA_20 MA_67,-0.037134371864249165,1.1647275844562115,0.01042293760831192,80.0,3145.0,4936.0,0.0
MA_20 MA_68,-0.05768447782247592,1.1472880863528108,0.010425151422296986,80.0,3154.0,4936.0,0.0
MA_20 MA_69,0.0005229952785690616,1.2405245043536755,0.010458708539554442,80.0,3146.0,4936.0,0.0
MA_20 MA_70,-0.057397617203595104,1.3174764083019306,0.010451829308634501,78.0,3146.0,4936.0,0.0
MA_20 MA_71,-0.05739761720359655,1.1967408723660005,0.010451829308634484,80.0,3143.0,4936.0,0.0
MA_20 MA_72,-0.029707719798905952,1.207084941218,0.010447805092180693,80.0,3148.0,4936.0,0.0
MA_20 MA_73,0.009914637544465485,1.209584497327422,0.010439623874152645,80.0,3144.0,4936.0,0.0
MA_20 MA_74,0.0021387277926100253,1.1118816680091563,0.010439335199778639,80.0,3152.0,4936.0,0.0
MA_20 MA_75,-0.055653196268141955,0.9242545346731585,0.010422147608713524,82.0,3147.0,4936.0,0.0
MA_20 MA_76,-0.14825738176099285,0.7508847509640508,0.010377037484156224,82.0,3142.0,4936.0,0.0
MA_20 MA_77,-0.14926707490562266,0.6674078765526672,0.010377028242418426,82.0,3137.0,4936.0,0.0
MA_20 MA_78,-0.06347891278192443,0.6374525467537362,0.010378901393519217,84.0,3138.0,4936.0,0.0
MA_20 MA_79,-0.06347891278192513,0.6505322452204254,0.010378901393519213,88.0,3136.0,4936.0,0.0
MA_20 MA_80,-0.06347891278192372,0.804029393531549,0.010378901393519222,84.0,3142.0,4936.0,0.0
MA_20 MA_81,-0.109495086410993,0.6777521330698073,0.010367777220451811,86.0,3137.0,4936.0,0.0
MA_20 MA_82,-0.13473647973047248,0.6950103214651784,0.010364069306532957,86.0,3140.0,4936.0,0.0
MA_20 MA_83,-0.1347364797304725,0.749829143218038,0.010364069306532954,84.0,3143.0,4936.0,0.0
MA_20 MA_84,-0.13473647973047187,0.8542217847375289,0.01036406930653295,84.0,3142.0,4936.0,0.0
MA_20 MA_85,-0.13574971997957447,0.9729421836142118,0.01036406064616397,86.0,3147.0,4936.0,0.0
MA_20 MA_86,-0.2111345226529252,1.0937306940664153,0.010333476676366334,84.0,3147.0,4936.0,0.0
MA_20 MA_87,-0.21113452265292443,1.0788216513163178,0.010333476676366339,86.0,3144.0,4936.0,0.0
MA_20 MA_88,-0.2992541570432276,0.9331679797504013,0.010389897400415894,80.0,3138.0,4936.0,0.0
MA_20 MA_89,-0.26830300918979183,0.872778664320067,0.010404472415535092,78.0,3137.0,4936.0,0.0
MA_20 MA_90,-0.1089814908851243,1.0051591506517594,0.010473953241671661,74.0,3158.0,4936.0,0.0
MA_20 MA_91,-0.01068992681458066,1.258861452324247,0.010524568531072328,72.0,3162.0,4936.0,0.0
MA_20 MA_92,0.052296372871663575,1.3139762096509604,0.010603779258173454,64.0,3171.0,4936.0,0.0
MA_20 MA_93,0.014860318330902253,1.3072060672821522,0.010650370654347287,66.0,3189.0,4936.0,0.0
MA_20 MA_94,-0.009694255643044212,1.3120097375725521,0.010660887929996256,66.0,3193.0,4936.0,0.0
MA_20 MA_95,-0.16801460483582112,1.3151666677679064,0.01071245963527826,64.0,3200.0,4936.0,0.0
MA_20 MA_96,0.0997303827526135,1.5818808524970311,0.010829613789277204,60.0,3210.0,4936.0,0.0
MA_20 MA_97,0.18295199221551053,1.632422625854141,0.01079417157404117,58.0,3214.0,4936.0,0.0
MA_20 MA_98,0.17711506547666328,1.703469221970614,0.01079405789958954,58.0,3214.0,4936.0,0.0
MA_20 MA_99,0.17711506547666328,1.6579853462229397,0.01079405789958954,58.0,3214.0,4936.0,0.0
MA_20 MA_100,0.24929008206093306,1.7548288061324113,0.010819425166945945,60.0,3222.0,4936.0,0.0
MA_21 MA_31,-0.02103326756225009,0.11604735198119887,0.009858117379024589,204.0,2923.0,4936.0,0.0
MA_21 MA_32,0.05527974934278284,0.19602074080607257,0.009934385360312173,198.0,2953.0,4936.0,0.0
MA_21 MA_33,0.004164333494591699,0.06755709955911371,0.009929188946505465,188.0,2967.0,4936.0,0.0
MA_21 MA_34,0.4500339023730531,0.25825640130744265,0.010156401212384066,180.0,2981.0,4936.0,0.0
MA_21 MA_35,0.5246864232774958,0.5316093336647159,0.01019716044657316,166.0,2985.0,4936.0,0.0
MA_21 MA_36,0.5442302219287805,0.4424755413516972,0.01019838123424491,160.0,2996.0,4936.0,0.0
MA_21 MA_37,0.331313379278094,0.36634274713405857,0.010439569868338694,164.0,2991.0,4936.0,0.0
MA_21 MA_38,0.382413209048256,0.6009537281869393,0.010450919915418475,164.0,2998.0,4936.0,0.0
MA_21 MA_39,0.5186458591302676,0.6540017886336285,0.010494131151996235,156.0,3003.0,4936.0,0.0
MA_21 MA_40,0.4614313715292091,0.8690017627835218,0.010536382573840191,152.0,3016.0,4936.0,0.0
MA_21 MA_41,0.6737132272603703,0.9659680691514918,0.010460617837738195,142.0,3037.0,4936.0,0.0
MA_21 MA_42,0.6737132272603711,0.7952842236279407,0.010460617837738204,130.0,3034.0,4936.0,0.0
MA_21 MA_43,0.5396462900212736,0.7927084003149121,0.010418016001611904,130.0,3035.0,4936.0,0.0
MA_21 MA_44,0.3948600359633997,1.0283850923060034,0.010192660375090406,130.0,3029.0,4936.0,0.0
MA_21 MA_45,0.39486003596339947,0.8993227267341675,0.010192660375090411,128.0,3042.0,4936.0,0.0
MA_21 MA_46,0.2588595088113831,0.7903203052976082,0.010275486250279324,128.0,3042.0,4936.0,0.0
MA_21 MA_47,0.25885950881138586,0.42311399421359375,0.01027548625027932,126.0,3044.0,4936.0,0.0
MA_21 MA_48,0.2897852595963846,0.5170379882692289,0.010215592180122808,118.0,3045.0,4936.0,0.0
MA_21 MA_49,0.27806039615183004,0.4522110290890333,0.010265199803111701,120.0,3048.0,4936.0,0.0
MA_21 MA_50,0.30160170473637693,0.35460137554411175,0.010267455204438435,118.0,3053.0,4936.0,0.0
MA_21 MA_51,0.29122404310066624,0.713913478914376,0.010268089752915011,110.0,3073.0,4936.0,0.0
MA_21 MA_52,0.3551557079658458,0.8784037881045654,0.010248876274205206,114.0,3083.0,4936.0,0.0
MA_21 MA_53,0.37023239362995886,0.8615226863738965,0.010247620926380869,110.0,3106.0,4936.0,0.0
MA_21 MA_54,0.44544698691831125,0.9060390858626435,0.010259078325000028,110.0,3133.0,4936.0,0.0
MA_21 MA_55,0.44544698691831097,0.9686633648231517,0.010259078325000035,110.0,3143.0,4936.0,0.0
MA_21 MA_56,0.36325012602276097,1.134302080268168,0.010275375502777717,100.0,3160.0,4936.0,0.0
MA_21 MA_57,0.3495929235145599,1.024678207215243,0.010272323814719455,100.0,3163.0,4936.0,0.0
MA_21 MA_58,0.23436301726250622,1.047250801820101,0.010333424929021949,94.0,3172.0,4936.0,0.0
MA_21 MA_59,0.1457955192345532,1.0608134008313095,0.01037007851837833,94.0,3173.0,4936.0,0.0
MA_21 MA_60,0.05543541187455046,1.1411647287065572,0.01033420668476867,92.0,3168.0,4936.0,0.0
MA_21 MA_61,0.13149250023970963,1.0628881252444615,0.010347441358870306,90.0,3168.0,4936.0,0.0
MA_21 MA_62,0.02829545077397076,1.1845246627049164,0.010294888410934152,90.0,3162.0,4936.0,0.0
MA_21 MA_63,0.025757575358993597,1.14665787131925,0.01029615334490433,88.0,3157.0,4936.0,0.0
MA_21 MA_64,0.031816252427944815,1.0954823073378201,0.010296262822933682,88.0,3156.0,4936.0,0.0
MA_21 MA_65,-0.16755513834180444,1.080170565478844,0.010447514095961353,82.0,3154.0,4936.0,0.0
MA_21 MA_66,-0.1675551383418052,1.0230667298538187,0.010447514095961348,80.0,3152.0,4936.0,0.0
MA_21 MA_67,-0.15866597759582302,1.0876904928850784,0.010469588524983595,80.0,3148.0,4936.0,0.0
MA_21 MA_68,-0.12993473609829187,1.1118171216985648,0.010494285322948214,80.0,3147.0,4936.0,0.0
MA_21 MA_69,-0.11857910460714619,0.988072027611359,0.010501347647638617,82.0,3151.0,4936.0,0.0
MA_21 MA_70,-0.036230993954807965,0.8644650629932376,0.010465283145216782,78.0,3151.0,4936.0,0.0
MA_21 MA_71,-0.01241006380564233,0.902173711139812,0.01046230020399012,78.0,3150.0,4936.0,0.0
MA_21 MA_72,-0.07757559066500351,0.9171408101686047,0.010413548552930654,76.0,3145.0,4936.0,0.0
MA_21 MA_73,-0.03817150827889428,0.7296307030961382,0.010405419116327355,78.0,3145.0,4936.0,0.0
MA_21 MA_74,-0.04591333239325013,0.691733556814766,0.010405114093794864,76.0,3146.0,4936.0,0.0
MA_21 MA_75,-0.10352308222410979,0.613325822244768,0.010387754810871066,78.0,3145.0,4936.0,0.0
MA_21 MA_76,-0.10352308222410912,0.7951985554005183,0.010387754810871066,80.0,3149.0,4936.0,0.0
MA_21 MA_77,-0.062455085757909576,0.7463526483989475,0.010378906945031907,82.0,3141.0,4936.0,0.0
MA_21 MA_78,-0.06245508575791032,0.6327545898559879,0.010378906945031897,82.0,3141.0,4936.0,0.0
MA_21 MA_79,-0.13473647973047326,0.7219322398752794,0.010364069306532948,82.0,3139.0,4936.0,0.0
MA_21 MA_80,-0.13473647973047312,0.7327631795119174,0.010364069306532959,80.0,3142.0,4936.0,0.0
MA_21 MA_81,-0.13473647973047317,0.6448361429311504,0.010364069306532954,82.0,3138.0,4936.0,0.0
MA_21 MA_82,-0.13473647973047323,0.6424706199424803,0.01036406930653295,86.0,3137.0,4936.0,0.0
MA_21 MA_83,-0.13473647973047254,0.628597606303136,0.010364069306532952,88.0,3138.0,4936.0,0.0
MA_21 MA_84,-0.2696710056306024,0.7477453883777327,0.010352851363657956,86.0,3134.0,4936.0,0.0
MA_21 MA_85,-0.29616902736333556,0.9417532658397854,0.01034869924880508,82.0,3136.0,4936.0,0.0
MA_21 MA_86,-0.2961690273633358,0.9786740540331655,0.010348699248805073,82.0,3147.0,4936.0,0.0
MA_21 MA_87,-0.29616902736333334,1.1998651771004356,0.010348699248805085,78.0,3146.0,4936.0,0.0
MA_21 MA_88,-0.2961690273633369,1.154015649980122,0.01034869924880508,78.0,3140.0,4936.0,0.0
MA_21 MA_89,-0.2961690273633366,1.180041247144859,0.010348699248805066,72.0,3137.0,4936.0,0.0
MA_21 MA_90,-0.3095456905867513,1.147859967488674,0.010406929132466533,74.0,3151.0,4936.0,0.0
MA_21 MA_91,-0.27780912824504306,1.0702196948895049,0.010516648567234423,68.0,3162.0,4936.0,0.0
MA_21 MA_92,-0.21287689938089382,1.2125519691007791,0.010549347412655768,68.0,3171.0,4936.0,0.0
MA_21 MA_93,-0.11209627642917938,1.2515645176451522,0.010608212832582913,64.0,3176.0,4936.0,0.0
MA_21 MA_94,-0.13896128943487973,1.335781950032624,0.010612080024740197,66.0,3184.0,4936.0,0.0
MA_21 MA_95,-0.17687058352259694,1.3870455901632148,0.010619883213462439,68.0,3191.0,4936.0,0.0
MA_21 MA_96,-0.1701454496629707,1.5994236289041304,0.01063953452865751,58.0,3201.0,4936.0,0.0
MA_21 MA_97,-0.11444709468971181,1.5864388997166694,0.010656651726841623,56.0,3208.0,4936.0,0.0
MA_21 MA_98,-0.007968833861597267,1.7315911340686236,0.010690101572986126,58.0,3211.0,4936.0,0.0
MA_21 MA_99,0.12154582268124627,1.8789038236708335,0.010737349930308756,58.0,3222.0,4936.0,0.0
MA_21 MA_100,0.249369601619872,1.8887528788504113,0.010819359790083074,52.0,3225.0,4936.0,0.0
MA_22 MA_32,-0.001487294531017105,0.038747031201532556,0.009854251514207142,204.0,2937.0,4936.0,0.0
MA_22 MA_33,0.30170435447493693,0.3313467940386017,0.010106688188317106,194.0,2963.0,4936.0,0.0
MA_22 MA_34,0.38553533068911405,0.45244659457735725,0.010125277716391013,182.0,2983.0,4936.0,0.0
MA_22 MA_35,0.23859907716903003,0.5181237092832836,0.010098958702420844,172.0,2974.0,4936.0,0.0
MA_22 MA_36,0.5604231004885472,0.5966913757395238,0.01022355645401169,168.0,2981.0,4936.0,0.0
MA_22 MA_37,0.33333710535557803,0.6489572991085315,0.010439520659511608,160.0,2995.0,4936.0,0.0
MA_22 MA_38,0.38748387824346303,0.4342351267156266,0.0104509517748765,162.0,3001.0,4936.0,0.0
MA_22 MA_39,0.6551708068692844,0.8111131284206854,0.01036211609268203,160.0,2999.0,4936.0,0.0
MA_22 MA_40,0.5637643601177835,0.5046028503359179,0.010420011230140868,160.0,3009.0,4936.0,0.0
MA_22 MA_41,0.6570244118739321,0.664548530508331,0.010456364666265672,148.0,3026.0,4936.0,0.0
MA_22 MA_42,0.5582122236460816,0.7303893788344156,0.010435193740769797,140.0,3034.0,4936.0,0.0
MA_22 MA_43,0.24376221759151734,0.7879853170611515,0.010235357034189565,128.0,3034.0,4936.0,0.0
MA_22 MA_44,0.2192718208904472,0.7393128275015672,0.010262344035223069,128.0,3033.0,4936.0,0.0
MA_22 MA_45,0.2621759209869595,0.7291561620718361,0.010253320471400264,128.0,3037.0,4936.0,0.0
MA_22 MA_46,0.2157944794215086,0.6736920617978706,0.010243696581517865,122.0,3051.0,4936.0,0.0
MA_22 MA_47,0.184148346172302,0.42250952420712107,0.010248727175604986,128.0,3051.0,4936.0,0.0
MA_22 MA_48,0.198812235999973,0.5050205459654344,0.010247565777266182,118.0,3045.0,4936.0,0.0
MA_22 MA_49,0.2227214314579445,0.5815377640571162,0.010277037291824026,116.0,3047.0,4936.0,0.0
MA_22 MA_50,0.20754378841391088,0.5665453700877396,0.010287050243508662,116.0,3053.0,4936.0,0.0
MA_22 MA_51,0.23656710744975784,0.7353377632915972,0.010294553136780907,110.0,3065.0,4936.0,0.0
MA_22 MA_52,0.23656710744975795,0.7792617697399842,0.010294553136780902,110.0,3076.0,4936.0,0.0
MA_22 MA_53,0.25119952642555843,0.7613001312215792,0.01029873241322686,114.0,3101.0,4936.0,0.0
MA_22 MA_54,0.26185990127944975,0.8908318019652226,0.010298073194650148,106.0,3114.0,4936.0,0.0
MA_22 MA_55,0.16322067712852278,1.0536789394134836,0.010287141820806228,104.0,3131.0,4936.0,0.0
MA_22 MA_56,0.16322067712852445,1.314069257965822,0.01028714182080621,98.0,3151.0,4936.0,0.0
MA_22 MA_57,0.1120590064736635,1.1643237106779702,0.010364740590021853,94.0,3159.0,4936.0,0.0
MA_22 MA_58,0.12347412132060527,1.0454568903329164,0.010364020291891962,92.0,3169.0,4936.0,0.0
MA_22 MA_59,0.12347412132060673,1.3996576219236943,0.010364020291891953,92.0,3167.0,4936.0,0.0
MA_22 MA_60,0.06261357572526695,1.3805171841954045,0.01033937573665671,88.0,3173.0,4936.0,0.0
MA_22 MA_61,0.10209519803337466,1.2498658842336003,0.010346898515061093,84.0,3174.0,4936.0,0.0
MA_22 MA_62,-0.001604621868166957,1.092568193581334,0.010290733281151878,84.0,3173.0,4936.0,0.0
MA_22 MA_63,-0.02254770752162875,1.1000705801332016,0.010293006238232373,84.0,3167.0,4936.0,0.0
MA_22 MA_64,-0.19953455824912705,1.1250324910748897,0.010441792639968344,86.0,3160.0,4936.0,0.0
MA_22 MA_65,-0.18937292436868994,0.9751414065192865,0.010474883694528049,82.0,3154.0,4936.0,0.0
MA_22 MA_66,-0.1893729243686906,0.9899095665005195,0.010474883694528049,82.0,3150.0,4936.0,0.0
MA_22 MA_67,-0.10737286899007294,0.6967637471878079,0.010496644554857963,80.0,3152.0,4936.0,0.0
MA_22 MA_68,-0.13885308012135508,0.6558865041175965,0.010471257819133186,78.0,3153.0,4936.0,0.0
MA_22 MA_69,-0.13885308012135433,0.696785941072045,0.010471257819133193,78.0,3146.0,4936.0,0.0
MA_22 MA_70,-0.05661435333377941,0.8074951484413158,0.010435159895965065,78.0,3147.0,4936.0,0.0
MA_22 MA_71,-0.05950974968294218,0.8178642046535209,0.010428494210745305,78.0,3145.0,4936.0,0.0
MA_22 MA_72,-0.05950974968294085,0.9328381387409967,0.010428494210745301,76.0,3148.0,4936.0,0.0
MA_22 MA_73,0.007928765915943927,1.1031857168407946,0.01041626700766193,72.0,3148.0,4936.0,0.0
MA_22 MA_74,0.00013791229005392797,1.0294445015896172,0.010415977045732614,72.0,3147.0,4936.0,0.0
MA_22 MA_75,-0.1448197483829147,0.6698180860004599,0.01041466982177149,78.0,3144.0,4936.0,0.0
MA_22 MA_76,-0.1448197483829141,0.6596374507288483,0.010414669821771487,76.0,3142.0,4936.0,0.0
MA_22 MA_77,-0.10417507817255774,0.6151862538091584,0.010405917219228848,78.0,3147.0,4936.0,0.0
MA_22 MA_78,-0.1498076970885307,0.5913820129172558,0.010394743072371811,80.0,3141.0,4936.0,0.0
MA_22 MA_79,-0.19498985104061375,0.5544026847970771,0.010383570159946587,80.0,3138.0,4936.0,0.0
MA_22 MA_80,-0.19498985104061184,0.6119397133392512,0.010383570159946582,80.0,3133.0,4936.0,0.0
MA_22 MA_81,-0.2696710056306035,0.8516619577620281,0.010352851363657942,78.0,3135.0,4936.0,0.0
MA_22 MA_82,-0.2514788647235153,0.7635103043885882,0.010360107796160235,82.0,3134.0,4936.0,0.0
MA_22 MA_83,-0.25147886472351455,0.7609910193157521,0.010360107796160239,82.0,3132.0,4936.0,0.0
MA_22 MA_84,-0.25147886472351455,0.9345611177850552,0.010360107796160239,80.0,3130.0,4936.0,0.0
MA_22 MA_85,-0.25147886472351616,0.9055754048861491,0.010360107796160228,82.0,3138.0,4936.0,0.0
MA_22 MA_86,-0.29616902736333434,0.9619882744264845,0.010348699248805077,78.0,3138.0,4936.0,0.0
MA_22 MA_87,-0.29616902736333606,1.1139217338080671,0.010348699248805085,80.0,3143.0,4936.0,0.0
MA_22 MA_88,-0.2961690273633364,1.135025514794985,0.010348699248805075,76.0,3140.0,4936.0,0.0
MA_22 MA_89,-0.2961690273633366,1.1747637607360537,0.010348699248805066,72.0,3138.0,4936.0,0.0
MA_22 MA_90,-0.31390430474165515,1.1758454458101726,0.010395882469684642,74.0,3142.0,4936.0,0.0
MA_22 MA_91,-0.3060215526303625,1.3746012200155673,0.010403442483743456,66.0,3154.0,4936.0,0.0
MA_22 MA_92,-0.04335930705754263,1.425868240433465,0.010529626560550641,66.0,3163.0,4936.0,0.0
MA_22 MA_93,-0.08392775706891811,1.5897870326259023,0.010537081972745997,64.0,3177.0,4936.0,0.0
MA_22 MA_94,-0.12250780318060446,1.6270046998302212,0.010545033744431486,64.0,3183.0,4936.0,0.0
MA_22 MA_95,-0.04022021230332183,1.69697058137774,0.01057503535755281,60.0,3200.0,4936.0,0.0
MA_22 MA_96,-0.040220212303323184,1.5227245494693586,0.010575035357552803,62.0,3206.0,4936.0,0.0
MA_22 MA_97,0.021563565251969855,1.5448683087619246,0.01061146358927331,58.0,3210.0,4936.0,0.0
MA_22 MA_98,-0.07856111726600062,1.6229634760806704,0.010663663519187514,58.0,3217.0,4936.0,0.0
MA_22 MA_99,0.019718740950189273,1.651785050715251,0.010729094610780676,56.0,3223.0,4936.0,0.0
MA_22 MA_100,0.018765881000636173,1.687075405447461,0.010729092995132623,54.0,3222.0,4936.0,0.0
MA_23 MA_33,0.15813983268521653,0.163585249606635,0.010054915199339142,190.0,2951.0,4936.0,0.0
MA_23 MA_34,0.36241322529416564,0.5444273325875169,0.010150760195935455,184.0,2968.0,4936.0,0.0
MA_23 MA_35,0.33835221128811155,0.8092947820486971,0.010162249235068534,174.0,2983.0,4936.0,0.0
MA_23 MA_36,0.5223397492456022,0.5655030518835986,0.010117341258397257,168.0,2979.0,4936.0,0.0
MA_23 MA_37,0.5441961442457169,0.5247379062936652,0.010344508223273773,162.0,2994.0,4936.0,0.0
MA_23 MA_38,0.5972223791760233,0.4173593391520638,0.010355570938462169,164.0,2996.0,4936.0,0.0
MA_23 MA_39,0.6516484955397523,0.8118703910276379,0.01037208993435405,164.0,3001.0,4936.0,0.0
MA_23 MA_40,0.42539841618273405,0.7825785784796067,0.010133544871672163,156.0,3004.0,4936.0,0.0
MA_23 MA_41,0.4494257887696482,0.6410924716461737,0.010141010185172227,154.0,3014.0,4936.0,0.0
MA_23 MA_42,0.24579623275114562,0.7362565742702027,0.010235313935849826,144.0,3030.0,4936.0,0.0
MA_23 MA_43,0.2827180736452533,0.6918888459799428,0.010279416689815146,136.0,3038.0,4936.0,0.0
MA_23 MA_44,0.23632001321888546,0.5746300801264306,0.010269854085239992,134.0,3037.0,4936.0,0.0
MA_23 MA_45,0.251080205057945,0.6418024917008891,0.010268665937417,126.0,3034.0,4936.0,0.0
MA_23 MA_46,0.2193179925595558,0.6359802796613758,0.010273726845146911,122.0,3042.0,4936.0,0.0
MA_23 MA_47,0.1583608525596813,0.6486531624081167,0.010256456455914888,122.0,3038.0,4936.0,0.0
MA_23 MA_48,0.19673498805410788,0.5669160477531265,0.010235039897492526,124.0,3036.0,4936.0,0.0
MA_23 MA_49,0.26357536436225865,0.7207122482184729,0.010255525582921199,118.0,3044.0,4936.0,0.0
MA_23 MA_50,0.24462134837198912,0.6130963372463583,0.010301720027996996,118.0,3052.0,4936.0,0.0
MA_23 MA_51,0.23437114313081134,0.7645817167151534,0.010302331034440752,110.0,3073.0,4936.0,0.0
MA_23 MA_52,0.28377804272967333,0.7768477977039894,0.010308269314962027,108.0,3075.0,4936.0,0.0
MA_23 MA_53,0.22163270014242248,0.813020640704488,0.010290699588971709,110.0,3085.0,4936.0,0.0
MA_23 MA_54,0.18491874990833782,0.9034768752686,0.010297431135340238,108.0,3112.0,4936.0,0.0
MA_23 MA_55,0.1849187499083377,0.870646793746187,0.010297431135340245,104.0,3129.0,4936.0,0.0
MA_23 MA_56,-0.015857939058415385,1.174813868491825,0.010305948018882377,100.0,3147.0,4936.0,0.0
MA_23 MA_57,0.044852828602165606,1.409269415182326,0.010321583600711068,94.0,3156.0,4936.0,0.0
MA_23 MA_58,0.04485282860216829,1.5238144447874693,0.010321583600711075,92.0,3157.0,4936.0,0.0
MA_23 MA_59,0.00550954417303441,1.4125604689485178,0.010329515738206927,92.0,3163.0,4936.0,0.0
MA_23 MA_60,0.049271777141355395,1.2220418389312262,0.010338114075845822,86.0,3175.0,4936.0,0.0
MA_23 MA_61,0.041895673071291425,1.0811247075836303,0.010338674083633459,82.0,3176.0,4936.0,0.0
MA_23 MA_62,0.08008165834768484,0.9125864687673337,0.010345778909169032,82.0,3175.0,4936.0,0.0
MA_23 MA_63,-0.012516661771172341,1.033614680825937,0.01032649994649636,82.0,3171.0,4936.0,0.0
MA_23 MA_64,-0.18583723894094462,0.8790826952512001,0.010475707942356196,80.0,3164.0,4936.0,0.0
MA_23 MA_65,-0.15121638592237124,0.7072468799430875,0.010486166796217083,80.0,3162.0,4936.0,0.0
MA_23 MA_66,-0.18260759683193312,0.6973663426117478,0.010460695792582695,82.0,3153.0,4936.0,0.0
MA_23 MA_67,-0.13885308012135647,0.7018318425996468,0.010471257819133184,80.0,3158.0,4936.0,0.0
MA_23 MA_68,-0.13885308012135572,0.6043784631482985,0.010471257819133191,78.0,3151.0,4936.0,0.0
MA_23 MA_69,-0.13885308012135508,0.7322811510149163,0.010471257819133188,80.0,3155.0,4936.0,0.0
MA_23 MA_70,-0.14337847067521264,0.7843973825320154,0.01045103166028513,78.0,3153.0,4936.0,0.0
MA_23 MA_71,-0.16958621500804982,0.9202009318873605,0.010447220078831284,76.0,3150.0,4936.0,0.0
MA_23 MA_72,-0.16958621500804855,0.9181996137201074,0.01044722007883128,74.0,3148.0,4936.0,0.0
MA_23 MA_73,-0.1190139882335491,0.9575206036310102,0.010440442307339629,72.0,3149.0,4936.0,0.0
MA_23 MA_74,-0.08768431595079947,0.959899804912989,0.010432085191783536,72.0,3148.0,4936.0,0.0
MA_23 MA_75,-0.08768431595079948,0.9675396284992202,0.010432085191783534,72.0,3143.0,4936.0,0.0
MA_23 MA_76,-0.14481974838291345,0.7097612995947618,0.010414669821771486,80.0,3137.0,4936.0,0.0
MA_23 MA_77,-0.10417507817255832,0.6864681942498065,0.010405917219228856,78.0,3136.0,4936.0,0.0
MA_23 MA_78,-0.1766795786468755,0.6896295214357058,0.010390746315112189,80.0,3134.0,4936.0,0.0
MA_23 MA_79,-0.17667957864687475,0.6985658312696437,0.010390746315112194,80.0,3133.0,4936.0,0.0
MA_23 MA_80,-0.2514788647235147,0.6203272693193513,0.01036010779616023,82.0,3133.0,4936.0,0.0
MA_23 MA_81,-0.2514788647235152,0.7177699184235768,0.010360107796160239,80.0,3131.0,4936.0,0.0
MA_23 MA_82,-0.2514788647235154,0.9085624723725059,0.010360107796160234,80.0,3130.0,4936.0,0.0
MA_23 MA_83,-0.21527980464996974,0.8247822742434558,0.010367530703735995,78.0,3122.0,4936.0,0.0
MA_23 MA_84,-0.21527980464996832,0.8867511348846944,0.010367530703735998,76.0,3126.0,4936.0,0.0
MA_23 MA_85,-0.2697383349659037,1.005950220934388,0.01035394589561057,72.0,3123.0,4936.0,0.0
MA_23 MA_86,-0.26973833496590444,1.086389423571004,0.010353945895610568,76.0,3129.0,4936.0,0.0
MA_23 MA_87,-0.2697383349659048,1.2171837113880688,0.010353945895610579,74.0,3140.0,4936.0,0.0
MA_23 MA_88,-0.2697383349659049,1.0264831443720817,0.010353945895610577,74.0,3136.0,4936.0,0.0
MA_23 MA_89,-0.26973833496590577,1.055871705078256,0.010353945895610568,72.0,3140.0,4936.0,0.0
MA_23 MA_90,-0.34604691269436016,1.1987098302407735,0.01039630009350966,72.0,3146.0,4936.0,0.0
MA_23 MA_91,-0.34604691269435944,1.261174370976466,0.010396300093509642,68.0,3155.0,4936.0,0.0
MA_23 MA_92,-0.2206501367809581,1.3765203720601553,0.010460290082818338,64.0,3161.0,4936.0,0.0
MA_23 MA_93,-0.09269604897910792,1.4124684007333328,0.010533413310920581,62.0,3172.0,4936.0,0.0
MA_23 MA_94,-0.10897562449178372,1.4993425884976084,0.010544077029021685,62.0,3189.0,4936.0,0.0
MA_23 MA_95,-0.10141472512157823,1.619429311910304,0.010544398621106685,62.0,3196.0,4936.0,0.0
MA_23 MA_96,0.08297304885446369,1.7072315834836065,0.01064574560663688,60.0,3203.0,4936.0,0.0
MA_23 MA_97,0.16249393556832697,1.8777795235023245,0.010693873810456117,58.0,3215.0,4936.0,0.0
MA_23 MA_98,0.08835304819267016,1.8768506971084942,0.010714235893932597,56.0,3220.0,4936.0,0.0
MA_23 MA_99,0.08835304819266751,1.9261067972542332,0.0107142358939326,54.0,3224.0,4936.0,0.0
MA_23 MA_100,0.08835304819266881,2.019786928104767,0.0107142358939326,56.0,3227.0,4936.0,0.0
MA_24 MA_34,0.34397346292915226,0.7663624346938616,0.010055816225568944,184.0,2967.0,4936.0,0.0
MA_24 MA_35,0.4208897912883218,0.8442875105179397,0.010026634434909596,180.0,2972.0,4936.0,0.0
MA_24 MA_36,0.5789687002837348,0.7637542506501358,0.01005772726983724,166.0,2980.0,4936.0,0.0
MA_24 MA_37,0.48140286181658754,0.740836876899601,0.010318288113689691,166.0,2984.0,4936.0,0.0
MA_24 MA_38,0.3333268981854611,0.7673657533153513,0.010091155694781929,160.0,2996.0,4936.0,0.0
MA_24 MA_39,0.34811228395603433,0.682066342731561,0.010107740516120112,158.0,2999.0,4936.0,0.0
MA_24 MA_40,0.4257543194674343,0.7315056869719887,0.010128688165982051,150.0,3000.0,4936.0,0.0
MA_24 MA_41,0.5036157995726911,0.9964640412569192,0.010154222857151894,148.0,3005.0,4936.0,0.0
MA_24 MA_42,0.25108020505794215,0.7793237389330887,0.010268665937417005,146.0,3024.0,4936.0,0.0
MA_24 MA_43,0.29412176747536617,0.5043683699498092,0.010284880492737588,138.0,3033.0,4936.0,0.0
MA_24 MA_44,0.27696965991795586,0.5545214100279234,0.010288784383844056,136.0,3048.0,4936.0,0.0
MA_24 MA_45,0.27696965991795736,0.5900873145645238,0.010288784383844053,134.0,3045.0,4936.0,0.0
MA_24 MA_46,0.31728224872877253,0.48203536940619696,0.010267253225345345,130.0,3041.0,4936.0,0.0
MA_24 MA_47,0.38495245113310134,0.6187746861853187,0.01028737072425428,124.0,3047.0,4936.0,0.0
MA_24 MA_48,0.3849524511331013,0.6749505719184332,0.010287370724254282,126.0,3047.0,4936.0,0.0
MA_24 MA_49,0.2997187370894705,0.707077677147224,0.010272544072457826,124.0,3046.0,4936.0,0.0
MA_24 MA_50,0.23196974362893302,0.7448421527838462,0.010300947081179134,120.0,3054.0,4936.0,0.0
MA_24 MA_51,0.22066029106271604,0.7689644132641504,0.010301559544994333,114.0,3070.0,4936.0,0.0
MA_24 MA_52,0.2812429509284531,0.956239109440151,0.01030568088953945,110.0,3067.0,4936.0,0.0
MA_24 MA_53,0.24420079504613368,1.0945861608514562,0.010312485284295288,104.0,3075.0,4936.0,0.0
MA_24 MA_54,0.12902895071579928,0.97170652812372,0.01026355684642886,106.0,3102.0,4936.0,0.0
MA_24 MA_55,0.018813376160523775,1.15445032800088,0.010323780126028524,102.0,3120.0,4936.0,0.0
MA_24 MA_56,0.018813376160523778,1.3193094023325012,0.010323780126028522,100.0,3134.0,4936.0,0.0
MA_24 MA_57,0.05810802075663175,1.5496689529647205,0.010331383500324953,96.0,3152.0,4936.0,0.0
MA_24 MA_58,-0.0006868423646094737,1.0412890287159158,0.010337476123611264,94.0,3163.0,4936.0,0.0
MA_24 MA_59,0.09673495575263717,1.002056319542337,0.010381006087102143,92.0,3168.0,4936.0,0.0
MA_24 MA_60,0.09580691938274448,0.84883056364446,0.01038138508983994,90.0,3174.0,4936.0,0.0
MA_24 MA_61,0.10718797289196567,0.8869567196794905,0.010391397872727779,84.0,3178.0,4936.0,0.0
MA_24 MA_62,0.0761364426069224,0.9133426908658122,0.010351573082321508,80.0,3177.0,4936.0,0.0
MA_24 MA_63,-0.04849920231063546,0.8797647577322849,0.010511684204259575,78.0,3173.0,4936.0,0.0
MA_24 MA_64,-0.04849920231063547,0.8983925241617114,0.010511684204259573,78.0,3167.0,4936.0,0.0
MA_24 MA_65,-0.1506064534464939,0.8326196069331588,0.01046638381722778,76.0,3162.0,4936.0,0.0
MA_24 MA_66,-0.10627891686674378,0.7759753199392174,0.010477016637682036,78.0,3166.0,4936.0,0.0
MA_24 MA_67,-0.14779101039947973,0.5999414136881631,0.010471658224261706,80.0,3160.0,4936.0,0.0
MA_24 MA_68,-0.1736282149179339,0.6646263223623687,0.010467934613935644,78.0,3158.0,4936.0,0.0
MA_24 MA_69,-0.15232715167567687,0.7405205389444789,0.010451431195166606,82.0,3156.0,4936.0,0.0
MA_24 MA_70,-0.15232715167567693,0.7919078882776083,0.0104514311951666,78.0,3151.0,4936.0,0.0
MA_24 MA_71,-0.17849809144472065,0.8547988685062775,0.010447609624999282,76.0,3150.0,4936.0,0.0
MA_24 MA_72,-0.17849809144471956,1.0379048916117894,0.010447609624999268,74.0,3150.0,4936.0,0.0
MA_24 MA_73,-0.14567202339932084,0.9069206438278408,0.010448038247180817,74.0,3147.0,4936.0,0.0
MA_24 MA_74,-0.1068950906927479,0.9201921681132206,0.01044004938558153,78.0,3141.0,4936.0,0.0
MA_24 MA_75,-0.08708679948091035,1.0233529698320667,0.010435760712391136,74.0,3143.0,4936.0,0.0
MA_24 MA_76,-0.14420632235427355,0.9026766908558226,0.010418352857860014,76.0,3140.0,4936.0,0.0
MA_24 MA_77,-0.10357166861014246,0.8100993318673859,0.010409602369702557,80.0,3127.0,4936.0,0.0
MA_24 MA_78,-0.14919166816732193,0.566809406440695,0.010398433280286064,78.0,3130.0,4936.0,0.0
MA_24 MA_79,-0.1491916681673232,0.7127927809065624,0.010398433280286069,78.0,3132.0,4936.0,0.0
MA_24 MA_80,-0.22419217875542302,0.7273915696934388,0.010367905942134884,78.0,3132.0,4936.0,0.0
MA_24 MA_81,-0.22987901230784538,0.8282176461019393,0.010367687429122141,80.0,3134.0,4936.0,0.0
MA_24 MA_82,-0.22987901230784533,0.8517052060110857,0.010367687429122143,80.0,3130.0,4936.0,0.0
MA_24 MA_83,-0.22987901230784608,0.8023146623740873,0.01036768742912214,80.0,3124.0,4936.0,0.0
MA_24 MA_84,-0.2785797143581283,0.8747417557519661,0.010354300334383242,74.0,3120.0,4936.0,0.0
MA_24 MA_85,-0.2785797143581297,0.9238924788703204,0.01035430033438324,72.0,3122.0,4936.0,0.0
MA_24 MA_86,-0.2785797143581298,1.1049612041216936,0.010354300334383238,70.0,3125.0,4936.0,0.0
MA_24 MA_87,-0.27857971435812756,1.1717266764178782,0.010354300334383245,70.0,3132.0,4936.0,0.0
MA_24 MA_88,-0.15142376729656332,1.2376635301769157,0.010441481149246642,68.0,3137.0,4936.0,0.0
MA_24 MA_89,-0.143418261952256,1.3532045334553202,0.010441072572684574,72.0,3141.0,4936.0,0.0
MA_24 MA_90,-0.19376650556828573,1.278161711255326,0.010447796744728339,70.0,3152.0,4936.0,0.0
MA_24 MA_91,-0.24788468659314644,1.297501725224718,0.010487287189073612,68.0,3159.0,4936.0,0.0
MA_24 MA_92,-0.20579756260067855,1.4675454106446852,0.010493821253850743,62.0,3169.0,4936.0,0.0
MA_24 MA_93,-0.14563120400407756,1.4323811158729898,0.010554269239993242,62.0,3182.0,4936.0,0.0
MA_24 MA_94,-0.01846018704853563,1.493008319126143,0.010619196328628457,58.0,3183.0,4936.0,0.0
MA_24 MA_95,-0.01084153728892743,1.620146590752689,0.010619486687747088,62.0,3195.0,4936.0,0.0
MA_24 MA_96,0.06373964650479916,1.8792765713895054,0.010662552688274096,58.0,3205.0,4936.0,0.0
MA_24 MA_97,0.12378515537635248,1.912011084711985,0.01072119446226053,54.0,3219.0,4936.0,0.0
MA_24 MA_98,0.07823924031692027,1.9323771480721694,0.010710873033679761,54.0,3223.0,4936.0,0.0
MA_24 MA_99,0.16671294686288163,1.98783452696565,0.01073013857911995,50.0,3227.0,4936.0,0.0
MA_24 MA_100,0.1667129468628817,2.1078364598916823,0.010730138579119945,50.0,3232.0,4936.0,0.0
MA_25 MA_35,0.4364435375908326,0.7430703227665301,0.010025320012805672,180.0,2964.0,4936.0,0.0
MA_25 MA_36,0.5855220497875291,0.6926408670883843,0.010058761638898612,174.0,2980.0,4936.0,0.0
MA_25 MA_37,0.23891458742638097,0.605288669452896,0.010075623690070198,160.0,2984.0,4936.0,0.0
MA_25 MA_38,0.23891458742638377,0.7257505963086224,0.010075623690070198,162.0,2981.0,4936.0,0.0
MA_25 MA_39,0.34482668655531035,0.8792587920282291,0.010110531407601554,162.0,2995.0,4936.0,0.0
MA_25 MA_40,0.22277206030390964,1.0475326755795238,0.01013978204687693,150.0,2996.0,4936.0,0.0
MA_25 MA_41,0.14789712188818627,0.6352778072392651,0.010237613848809843,148.0,2998.0,4936.0,0.0
MA_25 MA_42,0.14789712188818635,0.710706600161934,0.010237613848809838,144.0,3019.0,4936.0,0.0
MA_25 MA_43,0.1567522593254851,0.6137700246834532,0.010250076222170161,138.0,3032.0,4936.0,0.0
MA_25 MA_44,0.30604245809698943,0.8741356089778378,0.010251240661439714,134.0,3050.0,4936.0,0.0
MA_25 MA_45,0.282790785799925,0.5263440514400406,0.010248818075655534,130.0,3048.0,4936.0,0.0
MA_25 MA_46,0.35027964544592083,0.5694854606981483,0.010269059089156188,130.0,3054.0,4936.0,0.0
MA_25 MA_47,0.28737598281518706,0.7508945726120468,0.010251574167900568,128.0,3058.0,4936.0,0.0
MA_25 MA_48,0.30882733552448755,0.6950774607460424,0.010316741367630718,132.0,3060.0,4936.0,0.0
MA_25 MA_49,0.30882733552448627,0.7687804532092273,0.010316741367630715,126.0,3054.0,4936.0,0.0
MA_25 MA_50,0.1711020665183921,0.992218974456555,0.010272127688725067,124.0,3060.0,4936.0,0.0
MA_25 MA_51,0.1609450023467769,1.0097305552223395,0.010272711749266097,114.0,3066.0,4936.0,0.0
MA_25 MA_52,0.16539388795184992,1.0215245974823786,0.010272273222092307,106.0,3071.0,4936.0,0.0
MA_25 MA_53,0.36741129445622606,1.0808191910620302,0.010325972605341719,106.0,3075.0,4936.0,0.0
MA_25 MA_54,0.28700949008510385,0.7894761009582809,0.010405536503602852,106.0,3101.0,4936.0,0.0
MA_25 MA_55,0.30747124807159276,0.9609199227081779,0.010403318227099575,98.0,3116.0,4936.0,0.0
MA_25 MA_56,0.2707236351280657,1.025862020133205,0.010404246714690299,98.0,3131.0,4936.0,0.0
MA_25 MA_57,0.23008768460429574,1.1313171461926634,0.010412466802587358,92.0,3144.0,4936.0,0.0
MA_25 MA_58,0.23008768460429305,1.218467727237222,0.010412466802587358,94.0,3157.0,4936.0,0.0
MA_25 MA_59,0.23115763488114724,1.1700759082929362,0.01041246010110671,90.0,3172.0,4936.0,0.0
MA_25 MA_60,0.17933368070310837,1.035222703653531,0.010403642885874606,84.0,3180.0,4936.0,0.0
MA_25 MA_61,0.07613644260692244,0.9874437194887602,0.010351573082321501,84.0,3176.0,4936.0,0.0
MA_25 MA_62,-0.0938157782313154,0.882240724575803,0.010500827702604963,80.0,3172.0,4936.0,0.0
MA_25 MA_63,-0.14037642842912573,0.9411758602357034,0.01046698593058393,78.0,3172.0,4936.0,0.0
MA_25 MA_64,-0.15060645344649437,0.7160276778522248,0.010466383817227793,78.0,3166.0,4936.0,0.0
MA_25 MA_65,-0.1595306271169103,0.8546057779514955,0.010466779888490135,76.0,3171.0,4936.0,0.0
MA_25 MA_66,-0.11526179646003555,0.8931735722506686,0.010477429344022869,76.0,3171.0,4936.0,0.0
MA_25 MA_67,-0.1736282149179339,0.9523269549087712,0.010467934613935644,78.0,3166.0,4936.0,0.0
MA_25 MA_68,-0.2328153844670908,0.8400239280967539,0.0104871376440899,84.0,3161.0,4936.0,0.0
MA_25 MA_69,-0.1523271516756756,0.8210614620315004,0.0104514311951666,78.0,3157.0,4936.0,0.0
MA_25 MA_70,-0.22829271651408406,0.9532751840153106,0.0104606395408448,78.0,3155.0,4936.0,0.0
MA_25 MA_71,-0.21830184950964904,1.0268347843408923,0.010464096882074858,76.0,3155.0,4936.0,0.0
MA_25 MA_72,-0.21830184950964876,0.841481226842786,0.010464096882074838,76.0,3150.0,4936.0,0.0
MA_25 MA_73,-0.19524181333642893,0.8230532914992419,0.010461296918725832,76.0,3144.0,4936.0,0.0
MA_25 MA_74,-0.19524181333642965,0.850920164683902,0.010461296918725828,74.0,3138.0,4936.0,0.0
MA_25 MA_75,-0.17580105424113485,0.8342848624295915,0.010457092250514456,76.0,3136.0,4936.0,0.0
MA_25 MA_76,-0.19961287086854237,0.8376269696119008,0.010431443339130278,76.0,3138.0,4936.0,0.0
MA_25 MA_77,-0.15945250896171043,0.9096319403359854,0.010422801418410482,80.0,3131.0,4936.0,0.0
MA_25 MA_78,-0.2046539620475252,0.9805300855120065,0.010411537489315375,76.0,3123.0,4936.0,0.0
MA_25 MA_79,-0.15493109679947997,0.8532132979773219,0.010398233871051795,76.0,3124.0,4936.0,0.0
MA_25 MA_80,-0.10227126562673006,0.772812765392751,0.010454490731461527,76.0,3122.0,4936.0,0.0
MA_25 MA_81,-0.1022712656267307,0.8065187670594132,0.01045449073146153,76.0,3134.0,4936.0,0.0
MA_25 MA_82,-0.15142376729656265,0.7542937078861431,0.010441481149246644,76.0,3133.0,4936.0,0.0
MA_25 MA_83,-0.15237561605334793,0.857759680057012,0.010441472526132662,80.0,3125.0,4936.0,0.0
MA_25 MA_84,-0.15237561605334787,0.813764384235125,0.010441472526132667,76.0,3117.0,4936.0,0.0
MA_25 MA_85,-0.2019130284234837,0.9247078130641706,0.010454725256359498,70.0,3122.0,4936.0,0.0
MA_25 MA_86,-0.2019130284234837,0.9348983568995375,0.010454725256359498,70.0,3125.0,4936.0,0.0
MA_25 MA_87,-0.20191302842348316,0.9829780012183464,0.01045472525635949,70.0,3127.0,4936.0,0.0
MA_25 MA_88,-0.15237561605334782,1.0859924837300263,0.01044147252613267,70.0,3133.0,4936.0,0.0
MA_25 MA_89,-0.15237561605334796,1.1521053602828135,0.01044147252613266,70.0,3143.0,4936.0,0.0
MA_25 MA_90,-0.19698954468151,1.1066132976785714,0.010466772120938456,70.0,3151.0,4936.0,0.0
MA_25 MA_91,-0.25096666405567536,1.1252101644959414,0.010506182598115444,70.0,3150.0,4936.0,0.0
MA_25 MA_92,-0.21905007440021448,1.180411392934213,0.010512081290692653,60.0,3163.0,4936.0,0.0
MA_25 MA_93,-0.20897869035238287,1.3387632458394143,0.010512711533871162,58.0,3181.0,4936.0,0.0
MA_25 MA_94,-0.09418575849969298,1.3127775913599278,0.010565082771675624,58.0,3186.0,4936.0,0.0
MA_25 MA_95,-0.05645617074908749,1.3832750615760236,0.010584048612703416,58.0,3187.0,4936.0,0.0
MA_25 MA_96,-0.026920292241156548,1.6054138276594818,0.01060308795546342,56.0,3197.0,4936.0,0.0
MA_25 MA_97,0.25538954293677363,1.6361102120681337,0.01070243503643532,56.0,3211.0,4936.0,0.0
MA_25 MA_98,0.2553895429367737,1.790688948125458,0.010702435036435318,54.0,3213.0,4936.0,0.0
MA_25 MA_99,0.2553895429367737,1.7566189018314429,0.010702435036435318,54.0,3219.0,4936.0,0.0
MA_25 MA_100,0.20889988758814818,1.7570270037169773,0.010692336860625479,50.0,3224.0,4936.0,0.0
MA_26 MA_36,0.344125396372146,0.7726633942970638,0.0098080761867063,176.0,2966.0,4936.0,0.0
MA_26 MA_37,0.2776164603675229,0.9637738864562637,0.010082072706817784,162.0,2991.0,4936.0,0.0
MA_26 MA_38,0.2190925222798062,0.9170151927010275,0.01006630548360419,158.0,2997.0,4936.0,0.0
MA_26 MA_39,0.12013491654400751,0.8619062506540325,0.010154580464996194,156.0,2991.0,4936.0,0.0
MA_26 MA_40,0.07429748019126524,0.8134046353069493,0.010220932624027727,160.0,3004.0,4936.0,0.0
MA_26 MA_41,0.02846824312999646,0.6968451275030085,0.010184921252852273,152.0,2996.0,4936.0,0.0
MA_26 MA_42,0.09874521548763411,0.7345540525400702,0.010178750804853016,142.0,3010.0,4936.0,0.0
MA_26 MA_43,0.12449308987408737,0.6437882721885404,0.010181532444295838,138.0,3030.0,4936.0,0.0
MA_26 MA_44,0.12449308987409027,0.7639878833149694,0.010181532444295828,136.0,3036.0,4936.0,0.0
MA_26 MA_45,0.2954136256947228,0.6436699390227167,0.010253042752371454,136.0,3053.0,4936.0,0.0
MA_26 MA_46,0.3114523703619738,0.8029799087379206,0.010252416625918243,130.0,3057.0,4936.0,0.0
MA_26 MA_47,0.19883311008939783,0.7677761363767308,0.010287325455707555,128.0,3063.0,4936.0,0.0
MA_26 MA_48,0.07449519330684799,0.8635710359183704,0.010238754094148424,130.0,3062.0,4936.0,0.0
MA_26 MA_49,0.15679374147029107,1.0153317790417238,0.010276281726881907,130.0,3065.0,4936.0,0.0
MA_26 MA_50,0.15679374147029237,0.8746183363526143,0.01027628172688191,124.0,3067.0,4936.0,0.0
MA_26 MA_51,0.2927246296482166,1.104300758108347,0.010299454830604115,116.0,3067.0,4936.0,0.0
MA_26 MA_52,0.3716738907294023,1.1033246524932325,0.010312671702272617,106.0,3068.0,4936.0,0.0
MA_26 MA_53,0.44567302360521754,1.0513369164808055,0.010337937990036654,102.0,3086.0,4936.0,0.0
MA_26 MA_54,0.38714652255723303,1.0175715221517474,0.010343389746471863,104.0,3088.0,4936.0,0.0
MA_26 MA_55,0.2718012994953281,0.858786149097005,0.010404238365111966,98.0,3114.0,4936.0,0.0
MA_26 MA_56,0.2311576348811484,1.0022037028689632,0.010412460101106719,100.0,3129.0,4936.0,0.0
MA_26 MA_57,0.1274493468033202,1.1919211093466404,0.010360644689567546,94.0,3143.0,4936.0,0.0
MA_26 MA_58,0.08326732292828123,1.3126042042250687,0.010351280449650615,92.0,3155.0,4936.0,0.0
MA_26 MA_59,0.07613644260692101,1.2583503735455652,0.010351573082321514,92.0,3161.0,4936.0,0.0
MA_26 MA_60,0.07613644260691968,1.1438888312439714,0.010351573082321508,86.0,3172.0,4936.0,0.0
MA_26 MA_61,-0.01853471252748308,1.0320835114740614,0.010306662608402335,84.0,3179.0,4936.0,0.0
MA_26 MA_62,-0.14037642842912584,1.3477479853507717,0.01046698593058392,82.0,3176.0,4936.0,0.0
MA_26 MA_63,-0.1506064534464916,1.1146378707319191,0.010466383817227799,78.0,3175.0,4936.0,0.0
MA_26 MA_64,-0.15060645344649384,1.0278748875446726,0.010466383817227783,78.0,3175.0,4936.0,0.0
MA_26 MA_65,-0.14121324384373904,0.9532227982198627,0.010473743991574408,76.0,3172.0,4936.0,0.0
MA_26 MA_66,-0.17362821491793454,0.9453380542111078,0.010467934613935645,76.0,3175.0,4936.0,0.0
MA_26 MA_67,-0.23281538446709094,1.0580543742291493,0.010487137644089893,74.0,3180.0,4936.0,0.0
MA_26 MA_68,-0.2813659806543219,0.9918278730435821,0.010500156420392483,76.0,3176.0,4936.0,0.0
MA_26 MA_69,-0.22829271651408403,1.0805034628119365,0.010460639540844802,80.0,3166.0,4936.0,0.0
MA_26 MA_70,-0.19233316800397302,1.2104380973395745,0.010467958157337393,74.0,3161.0,4936.0,0.0
MA_26 MA_71,-0.2183018495096485,1.1703469896122423,0.01046409688207485,76.0,3153.0,4936.0,0.0
MA_26 MA_72,-0.20090289883715698,0.850664168111851,0.010461087075577052,76.0,3146.0,4936.0,0.0
MA_26 MA_73,-0.20090289883715573,0.9147770753818769,0.010461087075577049,76.0,3142.0,4936.0,0.0
MA_26 MA_74,-0.17394697513058646,1.0040287172759408,0.010457234861855144,74.0,3131.0,4936.0,0.0
MA_26 MA_75,-0.04674430651943903,1.0412982895688763,0.010543006648716937,72.0,3131.0,4936.0,0.0
MA_26 MA_76,-0.0076059251029236535,0.9763704223490477,0.010534927806370888,76.0,3130.0,4936.0,0.0
MA_26 MA_77,-0.07242143501035077,1.1212223263154253,0.01051756274916505,74.0,3127.0,4936.0,0.0
MA_26 MA_78,-0.07727735274033239,0.8636002293829075,0.010497845610193872,74.0,3125.0,4936.0,0.0
MA_26 MA_79,-0.07823570519222259,0.9082474869418424,0.010497840031623951,74.0,3115.0,4936.0,0.0
MA_26 MA_80,-0.1531745671900659,0.8736370910382638,0.010467825650688104,74.0,3121.0,4936.0,0.0
MA_26 MA_81,-0.1531745671900666,0.7498078013657494,0.010467825650688099,74.0,3128.0,4936.0,0.0
MA_26 MA_82,-0.20191302842348366,0.7828846757726944,0.0104547252563595,80.0,3130.0,4936.0,0.0
MA_26 MA_83,-0.20191302842348433,0.8280693365025857,0.0104547252563595,74.0,3133.0,4936.0,0.0
MA_26 MA_84,-0.15795189657971165,0.8882209593677148,0.010465424791588995,76.0,3127.0,4936.0,0.0
MA_26 MA_85,-0.15795189657971107,0.8757125201948566,0.01046542479158899,78.0,3123.0,4936.0,0.0
MA_26 MA_86,-0.1370460683550932,0.9291141397488996,0.010463132265410317,70.0,3119.0,4936.0,0.0
MA_26 MA_87,-0.12325981139929962,0.7528433038508464,0.010462149888875057,70.0,3123.0,4936.0,0.0
MA_26 MA_88,-0.12325981139930157,0.7697732906239791,0.010462149888875064,68.0,3129.0,4936.0,0.0
MA_26 MA_89,-0.12325981139930031,0.7725112599634334,0.010462149888875057,70.0,3140.0,4936.0,0.0
MA_26 MA_90,-0.13924699866276197,0.8697719833382525,0.010460699722333275,70.0,3152.0,4936.0,0.0
MA_26 MA_91,-0.20952429024059274,1.1252113909722352,0.010503420494263855,66.0,3167.0,4936.0,0.0
MA_26 MA_92,-0.152720633662047,1.1013579865038357,0.010531622703666166,64.0,3164.0,4936.0,0.0
MA_26 MA_93,-0.12040557483416904,1.2232897566896823,0.010537369072127257,60.0,3172.0,4936.0,0.0
MA_26 MA_94,-0.11019624642109084,1.3306158308841773,0.010537954249923237,58.0,3181.0,4936.0,0.0
MA_26 MA_95,-0.05347386221246558,1.2701661898586551,0.01055508623442784,60.0,3186.0,4936.0,0.0
MA_26 MA_96,0.054678724162882685,1.3661313437901863,0.010628002921458896,56.0,3197.0,4936.0,0.0
MA_26 MA_97,0.31595117849840626,1.7300689443992554,0.010768938622479173,54.0,3207.0,4936.0,0.0
MA_26 MA_98,0.21729896499521154,1.7063278381028293,0.01082501901165835,52.0,3214.0,4936.0,0.0
MA_26 MA_99,0.21729896499521292,1.774230894247372,0.010825019011658344,52.0,3218.0,4936.0,0.0
MA_26 MA_100,0.07939003468858352,1.693567130328291,0.010710517531433657,54.0,3219.0,4936.0,0.0
MA_27 MA_37,0.15327807491754575,1.0338353272256007,0.010049244487475819,166.0,2981.0,4936.0,0.0
MA_27 MA_38,0.057998960201239756,1.049631643705259,0.010145486623910646,158.0,2986.0,4936.0,0.0
MA_27 MA_39,0.011418583336812175,0.9513678999765687,0.01010130274696157,156.0,2990.0,4936.0,0.0
MA_27 MA_40,0.07310171101802165,0.8449492243572578,0.010082448397296332,158.0,2996.0,4936.0,0.0
MA_27 MA_41,0.030379143991674774,0.875019562668937,0.010167270085648156,154.0,3000.0,4936.0,0.0
MA_27 MA_42,0.09491935502488784,0.6970352870915308,0.010177784803438429,144.0,3005.0,4936.0,0.0
MA_27 MA_43,0.18277313078792187,0.7874962680770847,0.010196481538762923,140.0,3022.0,4936.0,0.0
MA_27 MA_44,0.227489610625927,0.8765103240163925,0.010199548992060029,136.0,3032.0,4936.0,0.0
MA_27 MA_45,0.20690941980130426,0.8030015824892698,0.010201745793787824,130.0,3042.0,4936.0,0.0
MA_27 MA_46,0.10786640593470881,0.5612240109139655,0.010233119201268761,132.0,3045.0,4936.0,0.0
MA_27 MA_47,0.11229275429528622,0.78321146325423,0.010232688179466563,136.0,3055.0,4936.0,0.0
MA_27 MA_48,0.20474729852274723,0.9178387404899746,0.01028689955276665,126.0,3070.0,4936.0,0.0
MA_27 MA_49,0.24109988369189184,1.0130924343610297,0.01029312458816791,128.0,3066.0,4936.0,0.0
MA_27 MA_50,0.27569837698428934,0.9083891913349653,0.010298331189168777,126.0,3066.0,4936.0,0.0
MA_27 MA_51,0.33197421094751817,0.8191872486377108,0.010310047909518432,124.0,3063.0,4936.0,0.0
MA_27 MA_52,0.4250022704190559,0.9532622788486693,0.010336409329349509,106.0,3073.0,4936.0,0.0
MA_27 MA_53,0.28097607226327825,0.8246930342586036,0.010291840912882082,104.0,3069.0,4936.0,0.0
MA_27 MA_54,0.28097607226327825,0.9953769813070319,0.010291840912882082,104.0,3090.0,4936.0,0.0
MA_27 MA_55,0.12308299738852126,1.0392574434734345,0.010343241975506184,102.0,3103.0,4936.0,0.0
MA_27 MA_56,0.1230829973885213,1.153125666048103,0.01034324197550618,98.0,3118.0,4936.0,0.0
MA_27 MA_57,0.08326732292828135,1.2940460808665688,0.0103512804496506,102.0,3131.0,4936.0,0.0
MA_27 MA_58,0.07613644260692376,1.3856621598257557,0.010351573082321508,88.0,3150.0,4936.0,0.0
MA_27 MA_59,0.06543052061575211,1.3399363140592482,0.010351058872602506,88.0,3154.0,4936.0,0.0
MA_27 MA_60,-0.029129261145790692,1.1209424310486664,0.010306105353258602,90.0,3164.0,4936.0,0.0
MA_27 MA_61,-0.15060645344649307,1.0162788622549508,0.01046638381722779,88.0,3172.0,4936.0,0.0
MA_27 MA_62,-0.15060645344649376,1.0690871095177634,0.01046638381722779,82.0,3175.0,4936.0,0.0
MA_27 MA_63,-0.1764458947949919,1.0118903644722992,0.010462655262275716,78.0,3175.0,4936.0,0.0
MA_27 MA_64,-0.17362821491793454,0.9567853600929024,0.010467934613935645,78.0,3180.0,4936.0,0.0
MA_27 MA_65,-0.17362821491793468,1.0166299916384856,0.010467934613935637,74.0,3178.0,4936.0,0.0
MA_27 MA_66,-0.17362821491793323,1.1482764305943642,0.010467934613935644,74.0,3177.0,4936.0,0.0
MA_27 MA_67,-0.3074263473038575,1.0881234457769184,0.010496044307849851,72.0,3180.0,4936.0,0.0
MA_27 MA_68,-0.22829271651408453,1.3821477320627982,0.010460639540844809,72.0,3180.0,4936.0,0.0
MA_27 MA_69,-0.19233316800397277,1.2484812835169836,0.010467958157337406,76.0,3170.0,4936.0,0.0
MA_27 MA_70,-0.20624318782263884,1.146059910648047,0.010468942058262994,76.0,3169.0,4936.0,0.0
MA_27 MA_71,-0.23777847097833205,0.8515298439713532,0.010464846247718278,78.0,3155.0,4936.0,0.0
MA_27 MA_72,-0.0881909375693433,0.9429577944894296,0.010548021941188706,76.0,3152.0,4936.0,0.0
MA_27 MA_73,-0.0881909375693439,0.9295221838608496,0.010548021941188715,76.0,3143.0,4936.0,0.0
MA_27 MA_74,-0.060908329479158675,0.9962809049143593,0.010544070840018528,76.0,3136.0,4936.0,0.0
MA_27 MA_75,-0.06186502498053015,0.9583938546859412,0.010544065936423666,74.0,3132.0,4936.0,0.0
MA_27 MA_76,-0.022840673389371197,1.037432735534273,0.010536012834683554,74.0,3127.0,4936.0,0.0
MA_27 MA_77,-0.030504917968842676,1.0144608033637534,0.010535716360695061,72.0,3120.0,4936.0,0.0
MA_27 MA_78,0.010534373015063115,1.0081988741313932,0.010526869408213381,76.0,3122.0,4936.0,0.0
MA_27 MA_79,-0.04791523598732413,1.0788627641237576,0.010509337953900784,74.0,3117.0,4936.0,0.0
MA_27 MA_80,-0.12305959686617332,0.9031627724428188,0.010479452670819853,72.0,3117.0,4936.0,0.0
MA_27 MA_81,-0.1089601819327224,0.9242335073875909,0.010478419143654686,76.0,3126.0,4936.0,0.0
MA_27 MA_82,-0.08789805568114305,0.9157441652675355,0.010476085353261399,72.0,3126.0,4936.0,0.0
MA_27 MA_83,-0.13704606835509364,0.7993907059077987,0.010463132265410334,72.0,3132.0,4936.0,0.0
MA_27 MA_84,-0.13704606835509295,0.7199170787551448,0.010463132265410334,74.0,3127.0,4936.0,0.0
MA_27 MA_85,-0.13704606835509303,0.7484474911404624,0.010463132265410329,74.0,3119.0,4936.0,0.0
MA_27 MA_86,-0.15109771369457103,0.7959750042732745,0.010464150390382305,72.0,3123.0,4936.0,0.0
MA_27 MA_87,-0.06593466417343441,0.7601805100903312,0.010490293422984234,70.0,3126.0,4936.0,0.0
MA_27 MA_88,-0.06593466417343373,0.7889573846446116,0.010490293422984234,70.0,3127.0,4936.0,0.0
MA_27 MA_89,-0.20307782842257252,0.9114632241166907,0.010368542988048046,70.0,3139.0,4936.0,0.0
MA_27 MA_90,-0.20307782842257313,0.9381825798672383,0.01036854298804805,64.0,3150.0,4936.0,0.0
MA_27 MA_91,-0.23097023887234497,1.0264762690544207,0.010383516959659037,66.0,3164.0,4936.0,0.0
MA_27 MA_92,-0.29489020262126725,1.0905511053335988,0.010441651260581743,62.0,3176.0,4936.0,0.0
MA_27 MA_93,-0.13511045891090406,1.198835350033547,0.010495412980153563,62.0,3169.0,4936.0,0.0
MA_27 MA_94,-0.10259479235474497,1.1297179115557068,0.010501153764455562,62.0,3180.0,4936.0,0.0
MA_27 MA_95,-0.19506724395782873,1.2293585466630366,0.01057888768635867,58.0,3191.0,4936.0,0.0
MA_27 MA_96,-0.002754885572056173,1.3828585868443555,0.01069130555325824,60.0,3199.0,4936.0,0.0
MA_27 MA_97,0.08443654053751251,1.5558189880910014,0.010720945782061383,54.0,3206.0,4936.0,0.0
MA_27 MA_98,0.18426780052943112,1.7230856887599617,0.010771185532531556,52.0,3208.0,4936.0,0.0
MA_27 MA_99,0.14501018028173376,1.7455458422440366,0.01078279984215706,50.0,3213.0,4936.0,0.0
MA_27 MA_100,0.16240408507908222,1.7949161454529143,0.010784176829321847,50.0,3214.0,4936.0,0.0
MA_28 MA_38,0.04539292852774573,0.9578101384736104,0.010082591195609773,166.0,2979.0,4936.0,0.0
MA_28 MA_39,0.0992667396565001,0.9636193386354479,0.010071088723356273,158.0,2979.0,4936.0,0.0
MA_28 MA_40,-0.009987772641504971,0.7591271978090339,0.010115454365170484,156.0,2984.0,4936.0,0.0
MA_28 MA_41,0.04680591971352662,0.8839431964050162,0.010131263245557609,154.0,2996.0,4936.0,0.0
MA_28 MA_42,0.2508577638626082,0.8759140799353968,0.010179393554661437,146.0,3011.0,4936.0,0.0
MA_28 MA_43,0.19861211496405043,0.855318269911711,0.010195919811765826,138.0,3012.0,4936.0,0.0
MA_28 MA_44,-0.004364394501909554,0.8228130618897347,0.010173969182385181,140.0,3020.0,4936.0,0.0
MA_28 MA_45,0.0070410447511609605,0.6438700413924172,0.010173289045663801,132.0,3030.0,4936.0,0.0
MA_28 MA_46,0.19968996584548118,0.548999836559448,0.010263858374216532,130.0,3035.0,4936.0,0.0
MA_28 MA_47,0.1833642451222739,0.688962191647027,0.010282966278216217,128.0,3044.0,4936.0,0.0
MA_28 MA_48,0.2895314750818322,0.825823984242742,0.010303570062720209,126.0,3052.0,4936.0,0.0
MA_28 MA_49,0.34305503363079864,0.7454806810766688,0.010313585756248867,126.0,3057.0,4936.0,0.0
MA_28 MA_50,0.3183267321904604,0.6469376069746582,0.010284972855152272,124.0,3060.0,4936.0,0.0
MA_28 MA_51,0.31832673219046154,0.7971265112349537,0.010284972855152279,120.0,3062.0,4936.0,0.0
MA_28 MA_52,0.23555892409177548,0.9179121485448047,0.010282676596525493,114.0,3067.0,4936.0,0.0
MA_28 MA_53,0.23555892409177714,1.095204389168269,0.01028267659652548,106.0,3076.0,4936.0,0.0
MA_28 MA_54,0.23555892409177592,1.0276942126654962,0.010282676596525474,104.0,3068.0,4936.0,0.0
MA_28 MA_55,0.11229019504778404,0.9993854292012654,0.010342747261779264,108.0,3088.0,4936.0,0.0
MA_28 MA_56,0.11229019504778533,1.1838509973250666,0.010342747261779271,110.0,3109.0,4936.0,0.0
MA_28 MA_57,-0.022090354452056517,1.2205074062457029,0.010305841603192404,100.0,3123.0,4936.0,0.0
MA_28 MA_58,-0.029129261145790678,1.5830028493652657,0.010306105353258608,92.0,3148.0,4936.0,0.0
MA_28 MA_59,-0.029129261145790675,1.5050398940835987,0.01030610535325861,86.0,3152.0,4936.0,0.0
MA_28 MA_60,-0.19546480277312894,1.1601414158995227,0.010455283918351625,84.0,3161.0,4936.0,0.0
MA_28 MA_61,-0.15060645344649384,1.1562827469819057,0.010466383817227783,84.0,3166.0,4936.0,0.0
MA_28 MA_62,-0.20872549904811585,1.0295956097005439,0.010456790422579063,84.0,3173.0,4936.0,0.0
MA_28 MA_63,-0.1647266809021271,1.163083100580788,0.010467544065555822,78.0,3178.0,4936.0,0.0
MA_28 MA_64,-0.17362821491793512,1.0436439479371526,0.01046793461393565,74.0,3177.0,4936.0,0.0
MA_28 MA_65,-0.20021003085266526,1.089927119391846,0.0104639370190685,72.0,3179.0,4936.0,0.0
MA_28 MA_66,-0.22829271651408403,0.9629976734445418,0.010460639540844802,72.0,3180.0,4936.0,0.0
MA_28 MA_67,-0.22829271651408456,1.0032806459374712,0.010460639540844807,72.0,3179.0,4936.0,0.0
MA_28 MA_68,-0.22829271651408609,0.9831979455928082,0.0104606395408448,72.0,3177.0,4936.0,0.0
MA_28 MA_69,-0.21188974709251188,1.0811424583760179,0.010468729593592485,72.0,3175.0,4936.0,0.0
MA_28 MA_70,-0.23777847097833374,1.0055576113772062,0.010464846247718262,74.0,3169.0,4936.0,0.0
MA_28 MA_71,-0.11150126040059394,1.0229953935701177,0.010550905258481316,78.0,3163.0,4936.0,0.0
MA_28 MA_72,-0.08819093756934465,1.1572844871564785,0.010548021941188705,78.0,3154.0,4936.0,0.0
MA_28 MA_73,-0.08914294107844692,1.2751452155737457,0.01054801593031081,76.0,3150.0,4936.0,0.0
MA_28 MA_74,-0.017394025946955924,1.227959602334018,0.01055441251183962,76.0,3145.0,4936.0,0.0
MA_28 MA_75,0.021915507807158643,1.2968437612201846,0.010546294295448011,74.0,3128.0,4936.0,0.0
MA_28 MA_76,0.021915507807157307,1.2624764103247825,0.010546294295448013,72.0,3121.0,4936.0,0.0
MA_28 MA_77,0.014203214901989076,1.0315097562189348,0.010546012394598446,72.0,3123.0,4936.0,0.0
MA_28 MA_78,-0.021891264347492122,0.980421929076577,0.010526646668651891,72.0,3125.0,4936.0,0.0
MA_28 MA_79,-0.06752239044776934,0.7628330755302248,0.010515756828331373,76.0,3122.0,4936.0,0.0
MA_28 MA_80,-0.14243298616687008,0.772607029282592,0.010485827438437569,78.0,3122.0,4936.0,0.0
MA_28 MA_81,-0.10205225770851593,0.9374946791754872,0.010477131828149088,72.0,3124.0,4936.0,0.0
MA_28 MA_82,-0.07982052359780642,0.7765721563578687,0.010491306782196844,72.0,3126.0,4936.0,0.0
MA_28 MA_83,-0.07982052359780713,0.7804213663799682,0.01049130678219684,74.0,3133.0,4936.0,0.0
MA_28 MA_84,-0.23078676514509536,0.7532540142952091,0.010370466625690177,74.0,3128.0,4936.0,0.0
MA_28 MA_85,-0.23078676514509594,0.7490170995226864,0.010370466625690182,72.0,3123.0,4936.0,0.0
MA_28 MA_86,-0.23078676514509402,0.7050110815656405,0.010370466625690177,68.0,3127.0,4936.0,0.0
MA_28 MA_87,-0.2170991280377288,0.8784976954205641,0.010369530864525309,68.0,3128.0,4936.0,0.0
MA_28 MA_88,-0.10501118577238036,1.0218682044202954,0.010436589036227427,70.0,3130.0,4936.0,0.0
MA_28 MA_89,-0.10501118577237753,1.0365905200699754,0.01043658903622744,64.0,3137.0,4936.0,0.0
MA_28 MA_90,-0.09080836689753463,1.0751940884071542,0.010435540042755608,64.0,3152.0,4936.0,0.0
MA_28 MA_91,-0.11436231344024789,1.1041281371462532,0.01043845276317276,64.0,3162.0,4936.0,0.0
MA_28 MA_92,-0.14379104375644106,1.1756434644928362,0.010481525492473982,62.0,3174.0,4936.0,0.0
MA_28 MA_93,-0.1560510262012854,1.0138761155842628,0.010482294565403527,62.0,3175.0,4936.0,0.0
MA_28 MA_94,-0.2362364070652298,1.0606345735109364,0.010517881505665811,60.0,3178.0,4936.0,0.0
MA_28 MA_95,-0.2746479686566133,1.0088397772439692,0.01056153900647616,62.0,3192.0,4936.0,0.0
MA_28 MA_96,-0.0765262263104068,1.1042518992147996,0.010621229731633193,58.0,3197.0,4936.0,0.0
MA_28 MA_97,-0.13983393238247696,1.2362931515932916,0.010631430123703982,52.0,3203.0,4936.0,0.0
MA_28 MA_98,-0.12974899961439554,1.298780909806359,0.010632019161611694,52.0,3209.0,4936.0,0.0
MA_28 MA_99,-0.10823188085146791,1.3730335355290055,0.010634589508504674,52.0,3208.0,4936.0,0.0
MA_28 MA_100,0.03830344176351825,1.4023340450426818,0.010734282283678911,50.0,3215.0,4936.0,0.0
MA_29 MA_39,0.09176864586512849,0.4625660235941187,0.01005600803290619,170.0,2976.0,4936.0,0.0
MA_29 MA_40,0.0282806210069128,0.4196476813081931,0.010123797052452097,162.0,2977.0,4936.0,0.0
MA_29 MA_41,0.043764213726312194,0.6425939932228819,0.010137843409735526,154.0,2992.0,4936.0,0.0
MA_29 MA_42,0.060694847942983264,0.6820834684434984,0.010110471607155707,150.0,2997.0,4936.0,0.0
MA_29 MA_43,0.16668687122383874,0.7783091563927289,0.010187391129887565,148.0,3013.0,4936.0,0.0
MA_29 MA_44,0.051803182127722995,0.7305656640763727,0.010178432909265624,136.0,3021.0,4936.0,0.0
MA_29 MA_45,0.14007498474616892,0.7441981143023062,0.010216117634655974,136.0,3029.0,4936.0,0.0
MA_29 MA_46,0.2049021978316239,0.6307700856331451,0.010253905234971689,136.0,3040.0,4936.0,0.0
MA_29 MA_47,0.23304115970368355,0.7972071243492633,0.01026277281209487,132.0,3042.0,4936.0,0.0
MA_29 MA_48,0.434779490790915,0.7854324120141456,0.01034018688338925,124.0,3054.0,4936.0,0.0
MA_29 MA_49,0.36730463237052535,0.6824727876265153,0.010295287158435598,124.0,3064.0,4936.0,0.0
MA_29 MA_50,0.32136661702482816,0.8114774157984446,0.010286271820729484,124.0,3065.0,4936.0,0.0
MA_29 MA_51,0.28400103051403386,1.217899248135632,0.010293143213827734,122.0,3070.0,4936.0,0.0
MA_29 MA_52,0.22451541733086733,0.9379156145910368,0.010282225835654822,120.0,3068.0,4936.0,0.0
MA_29 MA_53,0.11229019504778402,1.1429182882920559,0.010342747261779266,114.0,3069.0,4936.0,0.0
MA_29 MA_54,0.017146576651492117,1.272755083852628,0.010297935284580468,106.0,3076.0,4936.0,0.0
MA_29 MA_55,0.017146576651490747,1.538281028934331,0.010297935284580473,108.0,3083.0,4936.0,0.0
MA_29 MA_56,-0.022090354452057877,1.3295954653635236,0.010305841603192405,106.0,3099.0,4936.0,0.0
MA_29 MA_57,-0.05562520250074391,1.295001908366912,0.010300105975606112,100.0,3113.0,4936.0,0.0
MA_29 MA_58,-0.05562520250074252,1.47201151434995,0.010300105975606117,96.0,3126.0,4936.0,0.0
MA_29 MA_59,-0.06262901948221494,1.4266269252743422,0.010300360197602687,84.0,3148.0,4936.0,0.0
MA_29 MA_60,-0.25325441222292894,1.0328097620996082,0.010445567091073806,84.0,3156.0,4936.0,0.0
MA_29 MA_61,-0.20872549904811571,1.0640151880973607,0.01045679042257907,84.0,3168.0,4936.0,0.0
MA_29 MA_62,-0.16472668090212597,1.1219938468688708,0.010467544065555808,80.0,3170.0,4936.0,0.0
MA_29 MA_63,-0.20021003085266523,1.1072973343283832,0.010463937019068502,78.0,3177.0,4936.0,0.0
MA_29 MA_64,-0.20021003085266326,1.2903886644789586,0.010463937019068498,74.0,3178.0,4936.0,0.0
MA_29 MA_65,-0.17903898147851988,1.1546817568097825,0.01044745227343294,72.0,3182.0,4936.0,0.0
MA_29 MA_66,-0.22829271651408603,0.9795653476037343,0.010460639540844804,74.0,3180.0,4936.0,0.0
MA_29 MA_67,-0.2339233849077114,1.1093711461308966,0.010460421442826474,72.0,3177.0,4936.0,0.0
MA_29 MA_68,-0.23777847097833224,0.983404746800363,0.01046484624771827,72.0,3169.0,4936.0,0.0
MA_29 MA_69,-0.2377784709783335,0.8591791464280876,0.010464846247718273,72.0,3171.0,4936.0,0.0
MA_29 MA_70,-0.11150126040059398,1.0120059655482736,0.010550905258481312,74.0,3174.0,4936.0,0.0
MA_29 MA_71,-0.11244930492470212,0.9907196234182103,0.010550898297394919,74.0,3162.0,4936.0,0.0
MA_29 MA_72,-0.15524887629301448,1.161774911476583,0.010571690167392695,76.0,3159.0,4936.0,0.0
MA_29 MA_73,-0.11149390792688735,0.9711166183762676,0.010582186500195795,78.0,3157.0,4936.0,0.0
MA_29 MA_74,-0.08441576292733831,0.9646434209010555,0.010578275704554536,80.0,3138.0,4936.0,0.0
MA_29 MA_75,-0.024570411789550467,0.85577351210754,0.010567916958193585,78.0,3131.0,4936.0,0.0
MA_29 MA_76,-0.03220928302278041,0.8479724589869084,0.010567620802715161,72.0,3124.0,4936.0,0.0
MA_29 MA_77,0.03946739032590125,0.9050324083852284,0.01059415711937212,74.0,3124.0,4936.0,0.0
MA_29 MA_78,-0.01777010838633319,0.886012805319601,0.010577309932564099,72.0,3123.0,4936.0,0.0
MA_29 MA_79,-0.01777010838633318,0.915240713088137,0.010577309932564106,74.0,3126.0,4936.0,0.0
MA_29 MA_80,-0.16828825906507414,0.9268944787639137,0.010457857102660383,74.0,3137.0,4936.0,0.0
MA_29 MA_81,-0.13636235449268627,0.8770309616208676,0.01039497956524718,76.0,3121.0,4936.0,0.0
MA_29 MA_82,-0.18183699736351158,0.9550156460547661,0.010383731344295656,72.0,3123.0,4936.0,0.0
MA_29 MA_83,-0.06947808864664988,1.0669149450256037,0.010450530697334079,72.0,3125.0,4936.0,0.0
MA_29 MA_84,-0.11887555456471198,0.7883379743426562,0.010437584795689616,74.0,3130.0,4936.0,0.0
MA_29 MA_85,-0.11887555456471202,0.8820956483095994,0.010437584795689613,72.0,3122.0,4936.0,0.0
MA_29 MA_86,-0.11887555456471188,0.9151281171911057,0.010437584795689625,70.0,3122.0,4936.0,0.0
MA_29 MA_87,-0.12200365970544501,0.959554859343231,0.010435014547615935,68.0,3128.0,4936.0,0.0
MA_29 MA_88,-0.20058443515854654,1.0673421113674846,0.010459600464936774,64.0,3139.0,4936.0,0.0
MA_29 MA_89,-0.13436594055891202,0.8488097512495512,0.010435798950078042,66.0,3142.0,4936.0,0.0
MA_29 MA_90,-0.1343659405589133,0.9063927133080945,0.010435798950078045,64.0,3151.0,4936.0,0.0
MA_29 MA_91,-0.14751313969295363,0.9975654786867492,0.010438691748586172,62.0,3164.0,4936.0,0.0
MA_29 MA_92,-0.21769238887556974,1.1476904955511116,0.0104701958847405,64.0,3174.0,4936.0,0.0
MA_29 MA_93,-0.25893659746666253,1.142640289037367,0.01051871015638621,64.0,3183.0,4936.0,0.0
MA_29 MA_94,-0.23327086754882526,1.160459898700768,0.01052259936866427,64.0,3188.0,4936.0,0.0
MA_29 MA_95,-0.172985007335838,1.275768795661917,0.010536550488674398,62.0,3192.0,4936.0,0.0
MA_29 MA_96,-0.17924406203315613,1.224208624017518,0.010601938214838957,58.0,3193.0,4936.0,0.0
MA_29 MA_97,-0.25671381626833767,1.2403723254001804,0.010659997218372286,52.0,3205.0,4936.0,0.0
MA_29 MA_98,-0.1770057490963283,1.240168555718927,0.010652894033167578,52.0,3205.0,4936.0,0.0
MA_29 MA_99,-0.1954057614643662,1.1719541035912249,0.010654687807706445,50.0,3209.0,4936.0,0.0
MA_29 MA_100,-0.18669806074549933,1.3788243310273316,0.010654313771973515,50.0,3213.0,4936.0,0.0
MA_30 MA_40,-0.008160150011296307,0.6950739471558958,0.010114935008647961,160.0,2982.0,4936.0,0.0
MA_30 MA_41,0.0619768979148427,0.6102085253514256,0.01018502354987291,160.0,2981.0,4936.0,0.0
MA_30 MA_42,0.14842428199338897,0.5837492718161557,0.010201054925138366,154.0,3001.0,4936.0,0.0
MA_30 MA_43,0.14485962238715605,0.6685145748675128,0.010236558586242167,150.0,3015.0,4936.0,0.0
MA_30 MA_44,0.20893692730470081,0.9064706811640166,0.0102544927737671,144.0,3018.0,4936.0,0.0
MA_30 MA_45,0.17660442996371015,0.6677994315670392,0.010253401503471314,134.0,3024.0,4936.0,0.0
MA_30 MA_46,0.22479158654395506,0.7289562812642529,0.01026400714708304,132.0,3032.0,4936.0,0.0
MA_30 MA_47,0.25633138139584416,0.8136904422662712,0.010270987146483584,130.0,3042.0,4936.0,0.0
MA_30 MA_48,0.36730463237052685,0.7938606997321609,0.010295287158435595,126.0,3041.0,4936.0,0.0
MA_30 MA_49,0.3213666170248282,0.855980442778316,0.010286271820729482,124.0,3052.0,4936.0,0.0
MA_30 MA_50,0.2728868703431638,1.1097674118776855,0.01029271307416296,124.0,3064.0,4936.0,0.0
MA_30 MA_51,0.2728868703431635,1.3832322347379642,0.010292713074162971,118.0,3074.0,4936.0,0.0
MA_30 MA_52,0.0640899083832997,1.1655328220368304,0.010308790707981031,112.0,3074.0,4936.0,0.0
MA_30 MA_53,0.03014455596194062,1.5351855461305548,0.010303174271517064,112.0,3075.0,4936.0,0.0
MA_30 MA_54,-0.016605147175857617,1.5418403503106495,0.010292248999509403,110.0,3085.0,4936.0,0.0
MA_30 MA_55,-0.055625202500742515,1.5464341065692424,0.010300105975606119,110.0,3085.0,4936.0,0.0
MA_30 MA_56,-0.05562520250074528,1.2496860276843482,0.010300105975606112,108.0,3085.0,4936.0,0.0
MA_30 MA_57,-0.08226913326547877,1.1282856235197176,0.010296425381555898,102.0,3108.0,4936.0,0.0
MA_30 MA_58,-0.08924451639568703,1.2989332759376069,0.010296671972791039,92.0,3132.0,4936.0,0.0
MA_30 MA_59,-0.004711257750739789,1.4227333514149807,0.010259776303117083,86.0,3143.0,4936.0,0.0
MA_30 MA_60,-0.12757907276398978,1.108049631299186,0.010420890943690878,82.0,3158.0,4936.0,0.0
MA_30 MA_61,-0.12757907276398978,1.2493655000412223,0.010420890943690878,80.0,3164.0,4936.0,0.0
MA_30 MA_62,-0.10995326418735461,1.1945153239540138,0.01042761867862758,78.0,3161.0,4936.0,0.0
MA_30 MA_63,-0.11897378531728314,1.1507373767950364,0.010428032121241998,80.0,3167.0,4936.0,0.0
MA_30 MA_64,-0.1790389814785199,1.0708987859485832,0.010447452273432939,72.0,3171.0,4936.0,0.0
MA_30 MA_65,-0.23392338490771156,0.9668828375156702,0.010460421442826467,72.0,3172.0,4936.0,0.0
MA_30 MA_66,-0.2597457445648932,1.1910254413815204,0.0104565099470968,72.0,3177.0,4936.0,0.0
MA_30 MA_67,-0.22393988450988378,1.0746145831579432,0.010463881334437352,70.0,3176.0,4936.0,0.0
MA_30 MA_68,-0.23777847097833357,1.194085506348868,0.01046484624771827,72.0,3176.0,4936.0,0.0
MA_30 MA_69,-0.2387145182302644,1.0095449138740569,0.01046483405133195,72.0,3174.0,4936.0,0.0
MA_30 MA_70,-0.08914294107844693,0.757014936586256,0.010548015930310808,72.0,3167.0,4936.0,0.0
MA_30 MA_71,-0.15524887629301462,0.7155658108508418,0.010571690167392685,72.0,3173.0,4936.0,0.0
MA_30 MA_72,-0.11149390792688665,0.5791408634232103,0.010582186500195797,74.0,3169.0,4936.0,0.0
MA_30 MA_73,-0.06346425987027605,0.5590283435914531,0.010575942821492207,76.0,3163.0,4936.0,0.0
MA_30 MA_74,0.007861842179071182,0.7631588565039884,0.010602552171298425,80.0,3153.0,4936.0,0.0
MA_30 MA_75,0.04717618170770655,0.8832232304502301,0.010594429688238233,80.0,3137.0,4936.0,0.0
MA_30 MA_76,0.03946739032590129,0.8807931555079866,0.010594157119372108,76.0,3128.0,4936.0,0.0
MA_30 MA_77,-0.16828825906507489,0.8332563805785997,0.010457857102660378,72.0,3120.0,4936.0,0.0
MA_30 MA_78,-0.056581172663427735,0.8340364277344507,0.010524127399831353,72.0,3120.0,4936.0,0.0
MA_30 MA_79,-0.05658117266342772,0.8424762532270407,0.010524127399831355,72.0,3125.0,4936.0,0.0
MA_30 MA_80,-0.015695818984726,0.942084054300792,0.010515315450334638,72.0,3126.0,4936.0,0.0
MA_30 MA_81,-0.015695818984724656,0.8483504135464202,0.010515315450334644,78.0,3130.0,4936.0,0.0
MA_30 MA_82,0.006396176259793203,0.972698017397932,0.01048032698410981,74.0,3125.0,4936.0,0.0
MA_30 MA_83,0.0063961762597932025,1.2098216218658657,0.010480326984109811,72.0,3122.0,4936.0,0.0
MA_30 MA_84,-0.1481611180723831,0.9087969468503923,0.010436777403471152,74.0,3129.0,4936.0,0.0
MA_30 MA_85,-0.1481611180723837,0.741648953453671,0.010436777403471157,72.0,3118.0,4936.0,0.0
MA_30 MA_86,-0.14816111807238244,0.784396523612281,0.010436777403471152,64.0,3126.0,4936.0,0.0
MA_30 MA_87,-0.2727033559878321,0.7692419261182535,0.010479489663720712,64.0,3128.0,4936.0,0.0
MA_30 MA_88,-0.2592634385261999,0.8675312405489404,0.010478590481695943,64.0,3138.0,4936.0,0.0
MA_30 MA_89,-0.2592634385262007,0.9128210452360948,0.010478590481695936,64.0,3142.0,4936.0,0.0
MA_30 MA_90,-0.19396129630930106,0.9806966654928193,0.01045500540321466,64.0,3150.0,4936.0,0.0
MA_30 MA_91,-0.2593210552614683,1.0277165558546018,0.01044087435927614,62.0,3158.0,4936.0,0.0
MA_30 MA_92,-0.2642352623290686,1.0858951693709624,0.010510534060320117,66.0,3173.0,4936.0,0.0
MA_30 MA_93,-0.26200738915119065,1.2032202975252737,0.010517384058044433,64.0,3183.0,4936.0,0.0
MA_30 MA_94,-0.12453629836435531,1.329249325748727,0.010559776680256703,64.0,3191.0,4936.0,0.0
MA_30 MA_95,-0.12453629836435601,1.3945692532990224,0.0105597766802567,58.0,3195.0,4936.0,0.0
MA_30 MA_96,-0.11725642858152545,1.3052901337006309,0.010565373064578179,56.0,3195.0,4936.0,0.0
MA_30 MA_97,-0.10506738489540016,1.2568368355693051,0.010566200512367566,56.0,3202.0,4936.0,0.0
MA_30 MA_98,-0.18546735180375423,1.2725974196026022,0.010601680790209208,50.0,3204.0,4936.0,0.0
MA_30 MA_99,-0.16172108185962633,1.3672747458792958,0.010591988068935602,50.0,3209.0,4936.0,0.0
MA_30 MA_100,-0.1296392516866943,1.3423349502177757,0.010597715561318156,50.0,3211.0,4936.0,0.0
MA_31 MA_41,-0.07173807946718072,0.6135270538686746,0.010128629677318125,160.0,2991.0,4936.0,0.0
MA_31 MA_42,0.005166026029272377,0.5360402797094501,0.010188574584063711,156.0,2984.0,4936.0,0.0
MA_31 MA_43,0.06446661731973899,0.5503793513821578,0.010212797650770893,148.0,3007.0,4936.0,0.0
MA_31 MA_44,0.17833307823677566,0.8564408132313437,0.010257376128690023,142.0,3019.0,4936.0,0.0
MA_31 MA_45,0.20755914775938977,0.9576761558901954,0.010270994633492687,140.0,3021.0,4936.0,0.0
MA_31 MA_46,0.2462456480700637,0.8398774824987256,0.01027766068119106,130.0,3027.0,4936.0,0.0
MA_31 MA_47,0.2749524328103591,1.1076895368258701,0.0102805545369467,128.0,3039.0,4936.0,0.0
MA_31 MA_48,0.23786349238426693,0.9254326104631834,0.01028736597027751,130.0,3039.0,4936.0,0.0
MA_31 MA_49,0.27288687034316494,0.9744781319147586,0.010292713074162966,128.0,3052.0,4936.0,0.0
MA_31 MA_50,0.17554042316501817,1.0693088301710172,0.010248280548441211,122.0,3058.0,4936.0,0.0
MA_31 MA_51,0.06408990838330104,0.9880240806470171,0.010308790707981035,116.0,3070.0,4936.0,0.0
MA_31 MA_52,0.030144555961940652,1.3083362960465483,0.010303174271517054,112.0,3073.0,4936.0,0.0
MA_31 MA_53,0.030144555961940645,1.4082627390063025,0.010303174271517055,112.0,3085.0,4936.0,0.0
MA_31 MA_54,-0.08226913326547731,1.285166375805201,0.010296425381555908,112.0,3083.0,4936.0,0.0
MA_31 MA_55,0.0023880788576288213,1.2014128426980846,0.010259504301577984,112.0,3088.0,4936.0,0.0
MA_31 MA_56,0.04226374563096617,1.0979961324689098,0.010270713481641994,104.0,3086.0,4936.0,0.0
MA_31 MA_57,0.04226374563096619,1.030520496644714,0.01027071348164199,106.0,3097.0,4936.0,0.0
MA_31 MA_58,0.042263745630966236,1.177759885566811,0.010270713481641977,102.0,3122.0,4936.0,0.0
MA_31 MA_59,0.014274637129390031,1.4243081398743005,0.01026688895270838,84.0,3146.0,4936.0,0.0
MA_31 MA_60,-0.1544721863064356,1.3999453093868106,0.010416929422236881,78.0,3155.0,4936.0,0.0
MA_31 MA_61,-0.1807236886806995,1.34918565752493,0.010413093331628117,78.0,3161.0,4936.0,0.0
MA_31 MA_62,-0.13635514798165907,1.2960602115294657,0.010423836595602412,78.0,3159.0,4936.0,0.0
MA_31 MA_63,-0.1453384867491507,0.953620167510348,0.010424240031025508,78.0,3163.0,4936.0,0.0
MA_31 MA_64,-0.21077529184758972,1.0463288877291097,0.010443386415594998,72.0,3165.0,4936.0,0.0
MA_31 MA_65,-0.25974574456489413,1.1745869248500087,0.010456509947096789,72.0,3168.0,4936.0,0.0
MA_31 MA_66,-0.22393988450988442,1.0656136922939528,0.010463881334437354,72.0,3163.0,4936.0,0.0
MA_31 MA_67,-0.23871451823026507,0.8895412814644383,0.010464834051331952,70.0,3167.0,4936.0,0.0
MA_31 MA_68,-0.21574136718012668,1.0165157788667933,0.010462055206107466,70.0,3169.0,4936.0,0.0
MA_31 MA_69,-0.08914294107844756,0.8121826877067246,0.010548015930310814,70.0,3166.0,4936.0,0.0
MA_31 MA_70,-0.1552488762930159,0.8200991948888192,0.010571690167392688,70.0,3173.0,4936.0,0.0
MA_31 MA_71,-0.06346425987027603,0.7348211192547502,0.010575942821492212,72.0,3171.0,4936.0,0.0
MA_31 MA_72,-0.06346425987027536,0.5710194229290015,0.010575942821492214,74.0,3164.0,4936.0,0.0
MA_31 MA_73,0.007861842179071184,0.6201371403798699,0.010602552171298423,76.0,3162.0,4936.0,0.0
MA_31 MA_74,-0.10396986632764865,0.5876068917783666,0.010475583720864002,76.0,3154.0,4936.0,0.0
MA_31 MA_75,0.00833820682662407,0.675743960471799,0.010541438591475332,82.0,3149.0,4936.0,0.0
MA_31 MA_76,0.0006392383052842137,0.8219620646377916,0.010541152233293305,78.0,3129.0,4936.0,0.0
MA_31 MA_77,-0.06897625715780185,0.7978496000328656,0.010524939082791205,72.0,3125.0,4936.0,0.0
MA_31 MA_78,-0.06897625715780117,0.8678133493815152,0.010524939082791207,72.0,3126.0,4936.0,0.0
MA_31 MA_79,-0.028188792941576942,0.9343129102379786,0.010516149189484526,72.0,3125.0,4936.0,0.0
MA_31 MA_80,-0.04525545987447723,0.874904738124979,0.01051464124475561,72.0,3124.0,4936.0,0.0
MA_31 MA_81,-0.09078740596341578,0.8037377289666368,0.010503694268740897,72.0,3123.0,4936.0,0.0
MA_31 MA_82,-0.1505049129647952,0.8308769221474099,0.010522886733513013,74.0,3124.0,4936.0,0.0
MA_31 MA_83,-0.1505049129647959,0.773023604915638,0.010522886733513011,80.0,3129.0,4936.0,0.0
MA_31 MA_84,-0.2245738159639391,0.8249052651379443,0.010492711552801383,70.0,3127.0,4936.0,0.0
MA_31 MA_85,-0.2245738159639399,0.8699624775737425,0.010492711552801376,68.0,3131.0,4936.0,0.0
MA_31 MA_86,-0.2245738159639399,0.8263911399914836,0.010492711552801376,64.0,3125.0,4936.0,0.0
MA_31 MA_87,-0.2337088264140484,0.8580335574114988,0.010487942390644335,64.0,3126.0,4936.0,0.0
MA_31 MA_88,-0.23370882641404817,0.942532795948106,0.010487942390644345,64.0,3133.0,4936.0,0.0
MA_31 MA_89,-0.23370882641404758,1.0518271858526242,0.01048794239064434,64.0,3143.0,4936.0,0.0
MA_31 MA_90,-0.23370882641404772,1.001305864042445,0.010487942390644333,64.0,3149.0,4936.0,0.0
MA_31 MA_91,-0.1681224500122468,1.024010543117103,0.010464303889844465,62.0,3160.0,4936.0,0.0
MA_31 MA_92,-0.09330171844028054,1.237098445756943,0.010494376224472985,60.0,3163.0,4936.0,0.0
MA_31 MA_93,-0.07620118493513187,1.3314653751953012,0.010518155728759172,60.0,3180.0,4936.0,0.0
MA_31 MA_94,-0.04266686450056435,1.419491190028006,0.010545583817834978,58.0,3190.0,4936.0,0.0
MA_31 MA_95,-0.08161122202755439,1.4361177037776005,0.010552005148475596,58.0,3195.0,4936.0,0.0
MA_31 MA_96,-0.10494008835822487,1.3332514132276012,0.010554893919271818,58.0,3201.0,4936.0,0.0
MA_31 MA_97,-0.1516647458998038,1.3643340802514596,0.010566671733775778,54.0,3202.0,4936.0,0.0
MA_31 MA_98,-0.15166474589980325,1.3634459579499527,0.01056667173377577,50.0,3204.0,4936.0,0.0
MA_31 MA_99,-0.1256899624221844,1.294269938849701,0.010570422100121896,50.0,3206.0,4936.0,0.0
MA_31 MA_100,0.03521159494639387,1.424222247048931,0.010661827113612826,52.0,3204.0,4936.0,0.0
MA_32 MA_42,0.16731014759387605,0.5561428255448444,0.010237532923547657,160.0,3009.0,4936.0,0.0
MA_32 MA_43,0.258794697159322,1.058733238446488,0.010273696891623782,150.0,2999.0,4936.0,0.0
MA_32 MA_44,0.32062431192225727,1.1852027228432327,0.010289653725039621,142.0,3016.0,4936.0,0.0
MA_32 MA_45,0.23546474078857366,1.2479358546357138,0.010273696062767509,142.0,3021.0,4936.0,0.0
MA_32 MA_46,0.3660331324987877,1.296408804877919,0.010242356147166258,132.0,3026.0,4936.0,0.0
MA_32 MA_47,0.3183678098376611,1.2790690036078671,0.01024989985440037,126.0,3036.0,4936.0,0.0
MA_32 MA_48,0.22013717065368513,1.2079242483357975,0.010205444055505053,126.0,3045.0,4936.0,0.0
MA_32 MA_49,0.020797183768161465,1.0651413774159066,0.010303646457039609,128.0,3045.0,4936.0,0.0
MA_32 MA_50,0.020797183768161455,1.0663676030752156,0.010303646457039614,124.0,3064.0,4936.0,0.0
MA_32 MA_51,0.020797183768160105,1.1604725661168191,0.010303646457039609,114.0,3065.0,4936.0,0.0
MA_32 MA_52,-0.006141199501358771,1.4931427741710404,0.010300050777997324,112.0,3074.0,4936.0,0.0
MA_32 MA_53,0.040003577814093236,1.2902942333323888,0.01027090922097416,110.0,3081.0,4936.0,0.0
MA_32 MA_54,0.049410428878737554,1.5292708418608445,0.010270428338534416,108.0,3087.0,4936.0,0.0
MA_32 MA_55,0.042263745630967554,1.4227401904162917,0.01027071348164199,114.0,3093.0,4936.0,0.0
MA_32 MA_56,-0.013046761828377497,1.118433245326866,0.010263187844258394,110.0,3087.0,4936.0,0.0
MA_32 MA_57,-0.01304676182837748,1.064729956412029,0.010263187844258408,110.0,3089.0,4936.0,0.0
MA_32 MA_58,-0.18072368868069727,0.9744413845113549,0.010413093331628128,110.0,3112.0,4936.0,0.0
MA_32 MA_59,-0.18072368868069794,1.3542640304265379,0.01041309333162813,88.0,3145.0,4936.0,0.0
MA_32 MA_60,-0.18072368868069782,1.4417860184916975,0.010413093331628135,82.0,3154.0,4936.0,0.0
MA_32 MA_61,-0.18642539681024262,1.2785946702193267,0.010412886348422766,80.0,3155.0,4936.0,0.0
MA_32 MA_62,-0.15106694727555678,1.2260510309387618,0.010424041975019628,78.0,3165.0,4936.0,0.0
MA_32 MA_63,-0.12763382761036893,1.2012517120282418,0.010421162052330618,76.0,3162.0,4936.0,0.0
MA_32 MA_64,-0.18763647866130106,1.0424951283971327,0.010440572766234139,72.0,3161.0,4936.0,0.0
MA_32 MA_65,-0.23777853973521282,1.0194047950474197,0.010453738148559598,72.0,3160.0,4936.0,0.0
MA_32 MA_66,-0.20184510577579548,0.9798136700575091,0.010461076412913684,70.0,3161.0,4936.0,0.0
MA_32 MA_67,-0.2157413671801274,0.8626570328683012,0.010462055206107462,70.0,3164.0,4936.0,0.0
MA_32 MA_68,-0.08914294107844825,0.6895858272459992,0.01054801593031081,70.0,3166.0,4936.0,0.0
MA_32 MA_69,-0.10755079393401033,0.7023323142608948,0.010565531026876906,70.0,3159.0,4936.0,0.0
MA_32 MA_70,-0.06346425987027605,0.6278690092157404,0.010575942821492207,70.0,3164.0,4936.0,0.0
MA_32 MA_71,-0.06346425987027603,0.41694446398688045,0.010575942821492212,70.0,3163.0,4936.0,0.0
MA_32 MA_72,-0.10396986632764799,0.5342432580442653,0.010475583720864,72.0,3169.0,4936.0,0.0
MA_32 MA_73,-0.17812967641644575,0.5475510519209636,0.010505403072903562,72.0,3163.0,4936.0,0.0
MA_32 MA_74,-0.06706238746588952,0.6639846050779392,0.010571425970064465,76.0,3155.0,4936.0,0.0
MA_32 MA_75,-0.0746460846773623,0.7148234455020046,0.010571116239397594,76.0,3150.0,4936.0,0.0
MA_32 MA_76,-0.08694702889311155,0.631975207257508,0.010571914702199514,78.0,3142.0,4936.0,0.0
MA_32 MA_77,-0.16001389627669713,0.6552651160266865,0.010553143523998656,76.0,3133.0,4936.0,0.0
MA_32 MA_78,-0.21863574536283054,0.5025762730174017,0.010572066521889682,72.0,3137.0,4936.0,0.0
MA_32 MA_79,-0.17917053596885887,0.5280791149116815,0.010563577945505304,72.0,3130.0,4936.0,0.0
MA_32 MA_80,-0.22362296403203213,0.6418857396548443,0.010552421501508156,72.0,3125.0,4936.0,0.0
MA_32 MA_81,-0.15050491296479535,0.715756046920494,0.010522886733513004,72.0,3128.0,4936.0,0.0
MA_32 MA_82,-0.15050491296479515,0.7600547781132361,0.010522886733513016,72.0,3128.0,4936.0,0.0
MA_32 MA_83,-0.18203245845929944,0.946821106615519,0.010502890916233876,70.0,3129.0,4936.0,0.0
MA_32 MA_84,-0.23370882641404878,0.977247569949923,0.010487942390644347,70.0,3126.0,4936.0,0.0
MA_32 MA_85,-0.2337088264140484,0.855615247068322,0.010487942390644335,66.0,3121.0,4936.0,0.0
MA_32 MA_86,-0.2337088264140476,0.8926662725687473,0.010487942390644338,66.0,3121.0,4936.0,0.0
MA_32 MA_87,-0.2817987816617314,0.9777135888414641,0.010474695140635676,64.0,3125.0,4936.0,0.0
MA_32 MA_88,-0.2650650085319559,0.9043677132111854,0.010476426745296575,64.0,3130.0,4936.0,0.0
MA_32 MA_89,-0.33677724137363996,0.9279054125096355,0.010505721421822463,64.0,3140.0,4936.0,0.0
MA_32 MA_90,-0.1359091825407952,0.9951867123761846,0.010453688787125678,64.0,3144.0,4936.0,0.0
MA_32 MA_91,-0.06877552337587216,1.1388163606846304,0.010429685698385604,62.0,3151.0,4936.0,0.0
MA_32 MA_92,-0.06877552337587345,1.1221551337367788,0.01042968569838561,62.0,3170.0,4936.0,0.0
MA_32 MA_93,-0.012106957062430784,1.3332669018300556,0.010461517392404958,56.0,3177.0,4936.0,0.0
MA_32 MA_94,0.1266034341743463,1.4861838484182712,0.010592321099422241,58.0,3188.0,4936.0,0.0
MA_32 MA_95,0.1475372921691791,1.565093095262191,0.010609912447129506,54.0,3193.0,4936.0,0.0
MA_32 MA_96,0.11894664303300424,1.6527043870629847,0.010614206633211316,56.0,3197.0,4936.0,0.0
MA_32 MA_97,0.11325961685650789,1.6726049974406458,0.01062070691572548,56.0,3201.0,4936.0,0.0
MA_32 MA_98,0.008515757918227177,1.5482797847039316,0.010677230424665856,54.0,3200.0,4936.0,0.0
MA_32 MA_99,-0.014912540872568346,1.411920614395406,0.010680173713863787,52.0,3198.0,4936.0,0.0
MA_32 MA_100,-0.012135176345620816,1.3626711426008526,0.010678741172628849,52.0,3202.0,4936.0,0.0
MA_33 MA_43,0.24784385349373522,1.2374069529124645,0.010250296449121753,150.0,3005.0,4936.0,0.0
MA_33 MA_44,0.38849550354701207,1.3368236042549784,0.010239750104955293,148.0,3010.0,4936.0,0.0
MA_33 MA_45,0.3183678098376614,1.4926090779581394,0.010249899854400361,142.0,3021.0,4936.0,0.0
MA_33 MA_46,0.31836780983766133,1.3264222026744945,0.010249899854400363,134.0,3029.0,4936.0,0.0
MA_33 MA_47,0.22013717065368374,1.3757806950847136,0.010205444055505053,130.0,3031.0,4936.0,0.0
MA_33 MA_48,0.07950129004600082,1.2970119345925006,0.010262792869778483,126.0,3034.0,4936.0,0.0
MA_33 MA_49,0.07950129004600082,1.1020086768794526,0.010262792869778483,126.0,3049.0,4936.0,0.0
MA_33 MA_50,0.07981800512237698,1.1616415221487357,0.01026287707712,120.0,3057.0,4936.0,0.0
MA_33 MA_51,0.040003577814093236,1.2448681576065974,0.01027090922097416,118.0,3066.0,4936.0,0.0
MA_33 MA_52,0.040003577814094596,1.4991936636423437,0.010270909220974163,112.0,3069.0,4936.0,0.0
MA_33 MA_53,0.04000357781409326,1.2636440473719004,0.010270909220974156,112.0,3072.0,4936.0,0.0
MA_33 MA_54,-0.022363624985568674,1.2446655325901776,0.010263645540690456,114.0,3086.0,4936.0,0.0
MA_33 MA_55,-0.013046761828377482,1.3772300341548704,0.010263187844258406,108.0,3092.0,4936.0,0.0
MA_33 MA_56,-0.013046761828377485,1.2893025720032028,0.010263187844258403,116.0,3094.0,4936.0,0.0
MA_33 MA_57,-0.18964853147160268,1.2863288126773162,0.010413480041641275,106.0,3094.0,4936.0,0.0
MA_33 MA_58,-0.1720691716828192,1.3362167974027148,0.01041043270219303,106.0,3111.0,4936.0,0.0
MA_33 MA_59,-0.17206917168281974,1.1997047482243306,0.010410432702193039,96.0,3127.0,4936.0,0.0
MA_33 MA_60,-0.12763382761037154,1.2911524398905585,0.010421162052330625,88.0,3149.0,4936.0,0.0
MA_33 MA_61,-0.1276338276103702,1.2098344503283944,0.010421162052330624,82.0,3166.0,4936.0,0.0
MA_33 MA_62,-0.127633827610371,1.1577313776877185,0.010421162052330613,80.0,3161.0,4936.0,0.0
MA_33 MA_63,-0.18858269270192846,1.1442496289758632,0.0104405626486853,76.0,3167.0,4936.0,0.0
MA_33 MA_64,-0.21098456471108146,0.948176846423862,0.010449926985215283,72.0,3161.0,4936.0,0.0
MA_33 MA_65,-0.21098456471108154,0.6409088193994064,0.01044992698521528,72.0,3163.0,4936.0,0.0
MA_33 MA_66,-0.17489379475617342,0.7644746731473142,0.010457225314013314,72.0,3161.0,4936.0,0.0
MA_33 MA_67,-0.1680556791079677,0.697023022194357,0.010455954936857331,68.0,3163.0,4936.0,0.0
MA_33 MA_68,-0.04076026204904213,0.8326207511818204,0.010541705055278518,68.0,3163.0,4936.0,0.0
MA_33 MA_69,-0.10755079393401094,0.6783942145360837,0.01056553102687691,70.0,3160.0,4936.0,0.0
MA_33 MA_70,-0.02457041178954912,0.4758668327408053,0.010567916958193594,70.0,3156.0,4936.0,0.0
MA_33 MA_71,-0.17513477867514393,0.43719249541098404,0.010448313462216518,70.0,3163.0,4936.0,0.0
MA_33 MA_72,-0.17812967641644634,0.5848671093256468,0.010505403072903567,70.0,3164.0,4936.0,0.0
MA_33 MA_73,-0.06706238746588948,0.5294875393927234,0.01057142597006447,72.0,3160.0,4936.0,0.0
MA_33 MA_74,-0.09149932565668842,0.5167618469428321,0.010569582730730928,72.0,3160.0,4936.0,0.0
MA_33 MA_75,-0.10376613690047219,0.4728426133660082,0.010570372444367919,70.0,3159.0,4936.0,0.0
MA_33 MA_76,-0.1600138962766965,0.5245050810604186,0.010553143523998654,70.0,3154.0,4936.0,0.0
MA_33 MA_77,-0.21863574536283079,0.565063768867184,0.01057206652188967,72.0,3144.0,4936.0,0.0
MA_33 MA_78,-0.21863574536283076,0.6559704202923364,0.010572066521889672,72.0,3137.0,4936.0,0.0
MA_33 MA_79,-0.13664307971985287,0.530943488405931,0.010573606952167303,74.0,3137.0,4936.0,0.0
MA_33 MA_80,-0.23270474592891197,0.5545661548182652,0.010547679208622377,70.0,3130.0,4936.0,0.0
MA_33 MA_81,-0.23270474592891208,0.5818061250677065,0.010547679208622372,70.0,3127.0,4936.0,0.0
MA_33 MA_82,-0.2337088264140476,0.7688870214840178,0.010487942390644338,70.0,3124.0,4936.0,0.0
MA_33 MA_83,-0.23370882641404742,0.95823042326757,0.010487942390644347,70.0,3127.0,4936.0,0.0
MA_33 MA_84,-0.21686796658461074,0.9991415949887203,0.010489635899363524,68.0,3128.0,4936.0,0.0
MA_33 MA_85,-0.2168679665846092,1.1553234903512903,0.010489635899363536,64.0,3125.0,4936.0,0.0
MA_33 MA_86,-0.2650650085319561,0.9295453476331881,0.01047642674529657,68.0,3118.0,4936.0,0.0
MA_33 MA_87,-0.18483421491723176,1.1284259341362652,0.010440607530941235,66.0,3118.0,4936.0,0.0
MA_33 MA_88,-0.1203086036871378,1.1469730768654238,0.010572851934929321,64.0,3125.0,4936.0,0.0
MA_33 MA_89,-0.1203086036871359,1.093266832800253,0.010572851934929312,64.0,3136.0,4936.0,0.0
MA_33 MA_90,-0.04574259337918415,0.9777539239247606,0.010543039627203975,64.0,3146.0,4936.0,0.0
MA_33 MA_91,0.0036622346575655574,1.1245519162818227,0.010555706292574416,64.0,3152.0,4936.0,0.0
MA_33 MA_92,0.07202552291316515,1.0360953926517897,0.010531541125139295,60.0,3164.0,4936.0,0.0
MA_33 MA_93,-0.08598610025712192,1.2761439429689587,0.010595944053457873,56.0,3177.0,4936.0,0.0
MA_33 MA_94,-0.12324060109808314,1.4171496130018855,0.010604533578090394,58.0,3181.0,4936.0,0.0
MA_33 MA_95,0.05322383596336107,1.556452597785205,0.010661514695273495,54.0,3194.0,4936.0,0.0
MA_33 MA_96,0.06090140163158749,1.6030978934027522,0.010661781104734284,56.0,3190.0,4936.0,0.0
MA_33 MA_97,-0.002396327248448921,1.5178153505991627,0.010672731859769278,58.0,3197.0,4936.0,0.0
MA_33 MA_98,0.009894816273159133,1.4154385955421183,0.010673491724153661,60.0,3197.0,4936.0,0.0
MA_33 MA_99,0.009894816273160457,1.377628686772419,0.010673491724153652,52.0,3200.0,4936.0,0.0
MA_33 MA_100,0.0044049140674222425,1.4552705615819552,0.010679931239177671,52.0,3198.0,4936.0,0.0
MA_34 MA_44,0.22854684405999146,1.2320833622999845,0.010212946247137748,148.0,3018.0,4936.0,0.0
MA_34 MA_45,0.28976942740151673,1.153145636727984,0.010246519760098126,144.0,3018.0,4936.0,0.0
MA_34 MA_46,0.026846443765904456,1.1900583119592971,0.010276772833008988,140.0,3025.0,4936.0,0.0
MA_34 MA_47,0.026846443765905843,1.3294948318997784,0.010276772833008981,132.0,3036.0,4936.0,0.0
MA_34 MA_48,0.026846443765907207,1.2497006602627954,0.010276772833008981,128.0,3032.0,4936.0,0.0
MA_34 MA_49,0.024235171898987603,1.165980665143422,0.01027009921942938,128.0,3047.0,4936.0,0.0
MA_34 MA_50,-0.01515783701262053,1.3694306399173186,0.010278038116619762,122.0,3058.0,4936.0,0.0
MA_34 MA_51,-0.03939483240901611,1.5402566742844002,0.010281072026044592,122.0,3058.0,4936.0,0.0
MA_34 MA_52,-0.03995522734835649,1.5912256553943886,0.010280915422324672,116.0,3067.0,4936.0,0.0
MA_34 MA_53,-0.07402801749211381,1.3067142016012054,0.010277410893354617,112.0,3078.0,4936.0,0.0
MA_34 MA_54,-0.0740280174921152,1.367552882379072,0.010277410893354615,110.0,3070.0,4936.0,0.0
MA_34 MA_55,-0.02829914392968138,1.5035665057023597,0.010263474964675666,108.0,3088.0,4936.0,0.0
MA_34 MA_56,-0.17206917168281904,1.6586794036369685,0.01041043270219304,106.0,3098.0,4936.0,0.0
MA_34 MA_57,-0.17206917168281916,1.1806854755436875,0.010410432702193034,108.0,3099.0,4936.0,0.0
MA_34 MA_58,-0.17206917168281913,1.228098953381732,0.010410432702193035,104.0,3104.0,4936.0,0.0
MA_34 MA_59,-0.1276338276103715,1.2965100652419528,0.010421162052330627,102.0,3131.0,4936.0,0.0
MA_34 MA_60,-0.10117182133868227,1.1368314375408022,0.010417201164091148,90.0,3136.0,4936.0,0.0
MA_34 MA_61,-0.10117182133868162,1.0453036090794372,0.010417201164091144,88.0,3147.0,4936.0,0.0
MA_34 MA_62,-0.16151136199697802,1.0005218146229322,0.010436687775836175,82.0,3156.0,4936.0,0.0
MA_34 MA_63,-0.2109845647110809,0.9545024924959462,0.010449926985215277,78.0,3162.0,4936.0,0.0
MA_34 MA_64,-0.2109845647110808,0.8262616550367392,0.010449926985215283,72.0,3166.0,4936.0,0.0
MA_34 MA_65,-0.11534432234245169,0.6742590173264842,0.010446976860007135,72.0,3166.0,4936.0,0.0
MA_34 MA_66,-0.16805567910796826,0.5825885681715086,0.010455954936857336,72.0,3162.0,4936.0,0.0
MA_34 MA_67,-0.12947127060521105,0.5193297616817607,0.010448009836617794,70.0,3164.0,4936.0,0.0
MA_34 MA_68,-0.06893853485608277,0.5998866830304488,0.010557570186200292,68.0,3163.0,4936.0,0.0
MA_34 MA_69,-0.21906196886514806,0.57710277315093,0.010437564035224868,68.0,3156.0,4936.0,0.0
MA_34 MA_70,-0.1751347786751439,0.4533096919512092,0.01044831346221652,68.0,3158.0,4936.0,0.0
MA_34 MA_71,-0.18562459334393241,0.41811432508904134,0.010505055338418582,70.0,3154.0,4936.0,0.0
MA_34 MA_72,-0.18562459334393253,0.4739785331040369,0.010505055338418577,70.0,3158.0,4936.0,0.0
MA_34 MA_73,-0.09149932565668908,0.5271600818167137,0.010569582730730926,70.0,3163.0,4936.0,0.0
MA_34 MA_74,-0.10376613690047283,0.621264924410722,0.010570372444367922,70.0,3158.0,4936.0,0.0
MA_34 MA_75,-0.16001389627669846,0.5812140585978951,0.010553143523998656,70.0,3152.0,4936.0,0.0
MA_34 MA_76,-0.21863574536283006,0.6874974591663663,0.010572066521889674,70.0,3154.0,4936.0,0.0
MA_34 MA_77,-0.2696956586131415,0.5789616401151869,0.010557129908648651,72.0,3149.0,4936.0,0.0
MA_34 MA_78,-0.18829047022346676,0.645585905733814,0.010558858397590732,70.0,3147.0,4936.0,0.0
MA_34 MA_79,-0.18829047022346862,0.696958756858393,0.010558858397590737,70.0,3144.0,4936.0,0.0
MA_34 MA_80,-0.2159605183713004,0.747762231859278,0.010549363367085646,70.0,3136.0,4936.0,0.0
MA_34 MA_81,-0.289215662945793,0.6651393428694856,0.010519050451740746,70.0,3133.0,4936.0,0.0
MA_34 MA_82,-0.2892156629457929,0.708132401899807,0.01051905045174075,70.0,3133.0,4936.0,0.0
MA_34 MA_83,0.0036622346575655535,1.0615984977753858,0.010555706292574426,72.0,3127.0,4936.0,0.0
MA_34 MA_84,-0.045742593379182774,1.0939169354089024,0.010543039627203986,68.0,3127.0,4936.0,0.0
MA_34 MA_85,-0.04574259337918281,1.182431624866422,0.010543039627203977,64.0,3121.0,4936.0,0.0
MA_34 MA_86,-0.14769342573746072,1.2173081242503856,0.010599292094934347,64.0,3126.0,4936.0,0.0
MA_34 MA_87,-0.14769342573745933,1.0511123057153138,0.010599292094934352,64.0,3121.0,4936.0,0.0
MA_34 MA_88,-0.22031941397004143,0.9593322568693161,0.010628620115147744,62.0,3121.0,4936.0,0.0
MA_34 MA_89,-0.22031941397004007,0.8237108720802573,0.010628620115147746,64.0,3128.0,4936.0,0.0
MA_34 MA_90,-0.2175819573435742,0.895144089198997,0.010628597293542742,62.0,3138.0,4936.0,0.0
MA_34 MA_91,-0.14491372891884743,1.0578577252827621,0.010599260227796056,60.0,3150.0,4936.0,0.0
MA_34 MA_92,-0.1328189298313956,1.1476723186646356,0.010600099819351979,58.0,3164.0,4936.0,0.0
MA_34 MA_93,-0.16002994607924056,1.2199858886388752,0.010604071278375676,56.0,3169.0,4936.0,0.0
MA_34 MA_94,-0.06448311141419229,1.2666878719243901,0.010595166409558397,58.0,3178.0,4936.0,0.0
MA_34 MA_95,0.05606707488006531,1.3894169620874472,0.010635175274469893,56.0,3181.0,4936.0,0.0
MA_34 MA_96,-0.010705649373388013,1.5209788876550507,0.010647562334434655,54.0,3185.0,4936.0,0.0
MA_34 MA_97,0.04621019282865854,1.4256236124914596,0.01066428197855497,60.0,3191.0,4936.0,0.0
MA_34 MA_98,0.03702105850503844,1.4771910546823914,0.010681372530920585,60.0,3188.0,4936.0,0.0
MA_34 MA_99,0.03702105850503842,1.3470145329613894,0.010681372530920588,60.0,3190.0,4936.0,0.0
MA_34 MA_100,0.012212118537692102,1.3102735089178124,0.010688328696702096,56.0,3197.0,4936.0,0.0
MA_35 MA_45,0.0598174099463953,1.3136933687631922,0.01027122102194636,152.0,3017.0,4936.0,0.0
MA_35 MA_46,0.05137371588819703,1.4119145629910705,0.010273672269305603,146.0,3021.0,4936.0,0.0
MA_35 MA_47,0.05137371588819699,1.1963602956647992,0.010273672269305612,138.0,3028.0,4936.0,0.0
MA_35 MA_48,-0.015157837012620513,1.192015788793348,0.010278038116619774,130.0,3030.0,4936.0,0.0
MA_35 MA_49,-0.015157837012620513,1.2882608329229908,0.010278038116619774,130.0,3045.0,4936.0,0.0
MA_35 MA_50,-0.029767385995497202,1.316954657918739,0.010279149296879977,122.0,3053.0,4936.0,0.0
MA_35 MA_51,-0.05743876479384199,1.6188729509777238,0.010275246829371889,120.0,3060.0,4936.0,0.0
MA_35 MA_52,-0.06445756649194966,1.6348197567287577,0.01027550118043968,118.0,3068.0,4936.0,0.0
MA_35 MA_53,-0.07402801749211395,1.3543802406634113,0.010277410893354598,118.0,3067.0,4936.0,0.0
MA_35 MA_54,-0.055831812408806206,1.3513700644667983,0.010274233265716333,110.0,3078.0,4936.0,0.0
MA_35 MA_55,-0.22156871564704753,1.3389649138910404,0.010423683290675013,106.0,3080.0,4936.0,0.0
MA_35 MA_56,-0.17206917168281835,1.5803533977022814,0.01041043270219304,106.0,3094.0,4936.0,0.0
MA_35 MA_57,-0.14579183475504262,1.5109467097034872,0.010406518063892981,106.0,3096.0,4936.0,0.0
MA_35 MA_58,-0.10117182133868095,1.2648481119514265,0.010417201164091144,104.0,3103.0,4936.0,0.0
MA_35 MA_59,-0.15131733187848087,1.274753922948896,0.010430595574504785,98.0,3120.0,4936.0,0.0
MA_35 MA_60,-0.1513173318784816,0.8618428483719782,0.010430595574504781,98.0,3134.0,4936.0,0.0
MA_35 MA_61,-0.12280632744134107,0.9665847459532126,0.010428716491106205,86.0,3142.0,4936.0,0.0
MA_35 MA_62,-0.15178965524899835,0.9571519430518951,0.010439764907195354,82.0,3146.0,4936.0,0.0
MA_35 MA_63,-0.1517896552489989,0.9374229882869545,0.010439764907195361,82.0,3152.0,4936.0,0.0
MA_35 MA_64,-0.11534432234245175,0.7287870046938374,0.01044697686000713,78.0,3159.0,4936.0,0.0
MA_35 MA_65,-0.12947127060521105,0.576506495153077,0.010448009836617795,74.0,3159.0,4936.0,0.0
MA_35 MA_66,-0.1294712706052117,0.4000163372571255,0.010448009836617795,72.0,3163.0,4936.0,0.0
MA_35 MA_67,-0.15294935100026855,0.41145657701658434,0.010413764932564988,70.0,3160.0,4936.0,0.0
MA_35 MA_68,-0.22655683177817681,0.37959884404700883,0.010437200913710573,68.0,3158.0,4936.0,0.0
MA_35 MA_69,-0.18267559486242782,0.3864994710544467,0.01044796513245043,68.0,3163.0,4936.0,0.0
MA_35 MA_70,-0.1826755948624278,0.3778541711241268,0.010447965132450433,68.0,3162.0,4936.0,0.0
MA_35 MA_71,-0.20228989780783066,0.3735247842444873,0.01050343192098904,68.0,3161.0,4936.0,0.0
MA_35 MA_72,-0.09149932565668775,0.443918748476839,0.010569582730730928,70.0,3161.0,4936.0,0.0
MA_35 MA_73,-0.14784676175904507,0.4306921879088137,0.01055238228556633,70.0,3161.0,4936.0,0.0
MA_35 MA_74,-0.16001389627669768,0.4890706434972636,0.010553143523998665,72.0,3158.0,4936.0,0.0
MA_35 MA_75,-0.41357709636957446,0.5491466192022718,0.010683855212831883,70.0,3155.0,4936.0,0.0
MA_35 MA_76,-0.3760070537544084,0.6027821614424342,0.010675810745775801,70.0,3158.0,4936.0,0.0
MA_35 MA_77,-0.18829047022346784,0.5876140621953336,0.010558858397590744,70.0,3155.0,4936.0,0.0
MA_35 MA_78,-0.18829047022346798,0.7223256320173175,0.010558858397590737,70.0,3150.0,4936.0,0.0
MA_35 MA_79,-0.13546037554431556,0.7214581662096693,0.010513621625356675,68.0,3151.0,4936.0,0.0
MA_35 MA_80,0.0033113846955634177,0.747168149931972,0.010615065071669424,72.0,3149.0,4936.0,0.0
MA_35 MA_81,-0.07156591372627122,0.8139792455939758,0.010585638603972734,70.0,3143.0,4936.0,0.0
MA_35 MA_82,-0.17253561397087114,0.7721280132772113,0.010641552671817387,68.0,3138.0,4936.0,0.0
MA_35 MA_83,-0.17253561397086978,0.8258576673042768,0.010641552671817388,70.0,3133.0,4936.0,0.0
MA_35 MA_84,-0.22031941397004062,1.0315661581759352,0.01062862011514775,70.0,3128.0,4936.0,0.0
MA_35 MA_85,-0.1356041355129854,1.149036030794369,0.010600133154527038,66.0,3130.0,4936.0,0.0
MA_35 MA_86,-0.1328189298313963,1.187829173335345,0.010600099819351975,64.0,3131.0,4936.0,0.0
MA_35 MA_87,-0.20566420229732177,1.1048133243835663,0.010629473451040327,62.0,3133.0,4936.0,0.0
MA_35 MA_88,-0.20566420229731888,1.0857548023287031,0.01062947345104034,66.0,3128.0,4936.0,0.0
MA_35 MA_89,-0.1922626223268835,1.0611296880235903,0.01062854874733455,60.0,3123.0,4936.0,0.0
MA_35 MA_90,-0.19226262232688482,1.0133151785925048,0.010628548747334548,62.0,3133.0,4936.0,0.0
MA_35 MA_91,-0.2511575881088764,1.0451433014727622,0.010640961600867483,62.0,3146.0,4936.0,0.0
MA_35 MA_92,-0.17909230538642035,1.1793460502583786,0.010611769997529693,60.0,3155.0,4936.0,0.0
MA_35 MA_93,-0.18829347917036693,1.1015813906699248,0.010611250365624474,54.0,3161.0,4936.0,0.0
MA_35 MA_94,-0.15900560286770024,1.1544663346517976,0.010626010205774562,56.0,3167.0,4936.0,0.0
MA_35 MA_95,-0.05482910610584937,1.2219339536938465,0.010660583576462703,56.0,3171.0,4936.0,0.0
MA_35 MA_96,0.029656889857575905,1.468410745373344,0.010651614614111864,56.0,3179.0,4936.0,0.0
MA_35 MA_97,-0.011048025925315053,1.565875078708106,0.010660390714213312,56.0,3178.0,4936.0,0.0
MA_35 MA_98,-0.07057071260223152,1.5594824681946742,0.010698198322530428,60.0,3181.0,4936.0,0.0
MA_35 MA_99,-0.014399616779352727,1.4240395739744365,0.010714982417499823,58.0,3183.0,4936.0,0.0
MA_35 MA_100,-0.014399616779352736,1.3758491499580305,0.010714982417499816,56.0,3188.0,4936.0,0.0
MA_36 MA_46,0.011802209629247065,1.5134414244246441,0.010281651333485796,150.0,3018.0,4936.0,0.0
MA_36 MA_47,-0.0014704498925931034,1.4341675875990147,0.010275024375377372,140.0,3018.0,4936.0,0.0
MA_36 MA_48,-0.0014704498925931027,1.2047542344523188,0.010275024375377377,142.0,3031.0,4936.0,0.0
MA_36 MA_49,-0.0014704498925931023,1.3166928010713952,0.010275024375377381,132.0,3041.0,4936.0,0.0
MA_36 MA_50,-0.03632311536384188,1.2723812667845826,0.01027141492768725,124.0,3054.0,4936.0,0.0
MA_36 MA_51,-0.03632311536384462,1.506903546761143,0.01027141492768725,124.0,3059.0,4936.0,0.0
MA_36 MA_52,-0.03632311536384327,1.462569579127016,0.010271414927687244,118.0,3065.0,4936.0,0.0
MA_36 MA_53,-0.23546837846118746,0.8555040552281044,0.010424653916715182,116.0,3073.0,4936.0,0.0
MA_36 MA_54,-0.23546837846118834,0.9145973762464374,0.010424653916715172,118.0,3077.0,4936.0,0.0
MA_36 MA_55,-0.20953021067793065,1.302662774565177,0.010420817573624397,110.0,3075.0,4936.0,0.0
MA_36 MA_56,-0.19556183153655293,1.507250453783341,0.010419830562807056,108.0,3089.0,4936.0,0.0
MA_36 MA_57,-0.1513173318784816,1.571772200633173,0.010430595574504781,108.0,3090.0,4936.0,0.0
MA_36 MA_58,-0.11251507533896735,1.4970426958333771,0.010422602385457875,104.0,3099.0,4936.0,0.0
MA_36 MA_59,-0.09135147587911142,1.2297734153460524,0.010420258769589161,102.0,3110.0,4936.0,0.0
MA_36 MA_60,-0.15178965524899699,0.9120458383936847,0.010439764907195354,102.0,3122.0,4936.0,0.0
MA_36 MA_61,-0.15178965524899707,0.9371495949245412,0.010439764907195349,100.0,3130.0,4936.0,0.0
MA_36 MA_62,-0.15178965524899826,0.8831670267589968,0.01043976490719536,86.0,3143.0,4936.0,0.0
MA_36 MA_63,-0.12295977161487243,0.6971825877140603,0.010446648048127592,80.0,3146.0,4936.0,0.0
MA_36 MA_64,-0.28794581466672686,0.3853165453776961,0.010325957277038523,76.0,3147.0,4936.0,0.0
MA_36 MA_65,-0.2879458146667291,0.3159381250176476,0.010325957277038516,72.0,3154.0,4936.0,0.0
MA_36 MA_66,-0.16054323235507462,0.29924841742947783,0.010413422916340976,74.0,3154.0,4936.0,0.0
MA_36 MA_67,-0.22655683177817773,0.23574021305749793,0.010437200913710561,70.0,3157.0,4936.0,0.0
MA_36 MA_68,-0.2265568317781781,0.3257871793143545,0.010437200913710575,70.0,3158.0,4936.0,0.0
MA_36 MA_69,-0.1994428172964391,0.2767184659098183,0.010446335747418595,70.0,3160.0,4936.0,0.0
MA_36 MA_70,-0.32782957612895325,0.21648585537175902,0.010458134221083515,68.0,3153.0,4936.0,0.0
MA_36 MA_71,-0.2581431939399262,0.2534986636237162,0.010485853490386714,68.0,3157.0,4936.0,0.0
MA_36 MA_72,-0.14784676175904563,0.2898371877749548,0.010552382285566337,68.0,3156.0,4936.0,0.0
MA_36 MA_73,-0.2115945459598377,0.24583291935955365,0.010538314191442969,68.0,3159.0,4936.0,0.0
MA_36 MA_74,-0.3198332841677773,0.3499507583584882,0.010657497460386106,70.0,3161.0,4936.0,0.0
MA_36 MA_75,-0.37600705375440774,0.40617419470204386,0.010675810745775801,72.0,3156.0,4936.0,0.0
MA_36 MA_76,-0.3351674994110345,0.4743104413149619,0.01068611133251403,70.0,3162.0,4936.0,0.0
MA_36 MA_77,-0.30134220356993785,0.5324611740396235,0.010640049904797938,70.0,3163.0,4936.0,0.0
MA_36 MA_78,-0.28493413271795537,0.6966381220732825,0.010641772711561826,68.0,3162.0,4936.0,0.0
MA_36 MA_79,-0.2849341327179555,0.6690209319096339,0.010641772711561822,68.0,3161.0,4936.0,0.0
MA_36 MA_80,-0.22241044405437516,0.7944654361242927,0.010713343510383454,68.0,3157.0,4936.0,0.0
MA_36 MA_81,-0.31886067098330917,0.8229094966219279,0.0107679238904509,70.0,3149.0,4936.0,0.0
MA_36 MA_82,-0.15778238992098848,0.9198151707837856,0.010642373777789357,70.0,3144.0,4936.0,0.0
MA_36 MA_83,-0.157782389920987,0.8793760223673788,0.01064237377778937,68.0,3140.0,4936.0,0.0
MA_36 MA_84,-0.25115758810887684,1.0216259214095045,0.01064096160086749,66.0,3130.0,4936.0,0.0
MA_36 MA_85,-0.2511575881088771,1.068508039527257,0.010640961600867478,66.0,3135.0,4936.0,0.0
MA_36 MA_86,-0.25115758810887717,1.086850050897735,0.010640961600867476,64.0,3137.0,4936.0,0.0
MA_36 MA_87,-0.2378794939273551,1.15857264152624,0.010640065496898953,60.0,3132.0,4936.0,0.0
MA_36 MA_88,-0.2378794939273545,1.2746774631097102,0.010640065496898951,60.0,3129.0,4936.0,0.0
MA_36 MA_89,-0.24696632515569014,1.1186741128318047,0.010639522927294707,64.0,3129.0,4936.0,0.0
MA_36 MA_90,-0.39056949454430784,1.3289243166002596,0.010765418181535683,58.0,3126.0,4936.0,0.0
MA_36 MA_91,-0.24696632515569025,1.0730434249512655,0.010639522927294701,60.0,3139.0,4936.0,0.0
MA_36 MA_92,-0.23916640786192603,1.191770042116866,0.01064310573677346,58.0,3145.0,4936.0,0.0
MA_36 MA_93,-0.16693219193717715,1.1712876727068378,0.010613880677133732,58.0,3157.0,4936.0,0.0
MA_36 MA_94,-0.1187074995119497,1.2960924995931276,0.010626717132330885,52.0,3164.0,4936.0,0.0
MA_36 MA_95,-0.08834089549050148,1.3019063194637273,0.010631752740227944,52.0,3172.0,4936.0,0.0
MA_36 MA_96,-0.16829542714182016,1.4268336031842055,0.01066686711531496,52.0,3174.0,4936.0,0.0
MA_36 MA_97,-0.11376119249340631,1.4261949103004294,0.010698279696602548,56.0,3173.0,4936.0,0.0
MA_36 MA_98,-0.04696161831922602,1.5649484221802004,0.01068404060715512,54.0,3174.0,4936.0,0.0
MA_36 MA_99,-0.04696161831922597,1.6085319990293323,0.01068404060715513,56.0,3178.0,4936.0,0.0
MA_36 MA_100,-0.0029222122788503165,1.551842734456045,0.010730267263169026,56.0,3177.0,4936.0,0.0
MA_37 MA_47,-0.0014704498925917362,1.575527602542334,0.010275024375377376,152.0,3008.0,4936.0,0.0
MA_37 MA_48,-0.03632311536384325,1.1701145690028878,0.01027141492768725,142.0,3032.0,4936.0,0.0
MA_37 MA_49,0.003935210039580035,1.4258612007081344,0.010263103127296471,142.0,3036.0,4936.0,0.0
MA_37 MA_50,-0.06527175667898552,1.2034015730146974,0.010287703451031622,126.0,3060.0,4936.0,0.0
MA_37 MA_51,-0.23040817726856339,1.325316095474907,0.010436894379859028,120.0,3064.0,4936.0,0.0
MA_37 MA_52,-0.23605019326357352,0.982693873439032,0.010436675386310964,118.0,3064.0,4936.0,0.0
MA_37 MA_53,-0.23605019326357324,0.9318221570079528,0.010436675386310976,116.0,3073.0,4936.0,0.0
MA_37 MA_54,-0.23640854470101505,1.107812384815202,0.010424641807974073,114.0,3068.0,4936.0,0.0
MA_37 MA_55,-0.16537886911848756,1.3507413256499556,0.010431608462109023,114.0,3088.0,4936.0,0.0
MA_37 MA_56,-0.1266825895688754,1.4516203781483044,0.010423639651307421,110.0,3077.0,4936.0,0.0
MA_37 MA_57,-0.1055740871805857,1.222134553784593,0.010421309054332287,108.0,3087.0,4936.0,0.0
MA_37 MA_58,-0.1658373911231157,1.3303438879663467,0.01044077653701316,106.0,3093.0,4936.0,0.0
MA_37 MA_59,-0.1733952506919181,1.4068505913773501,0.010440431050992799,104.0,3096.0,4936.0,0.0
MA_37 MA_60,-0.1733952506919174,1.066299542895678,0.0104404310509928,102.0,3106.0,4936.0,0.0
MA_37 MA_61,-0.3239122817639913,0.7144859852793162,0.010318390007130184,96.0,3126.0,4936.0,0.0
MA_37 MA_62,-0.28794581466672753,0.6947317205731822,0.010325957277038524,88.0,3125.0,4936.0,0.0
MA_37 MA_63,-0.28794581466672786,0.37995490722842074,0.010325957277038536,86.0,3141.0,4936.0,0.0
MA_37 MA_64,-0.21722116938420527,0.4034322973230364,0.010395799240928821,78.0,3141.0,4936.0,0.0
MA_37 MA_65,-0.2172211693842044,0.2641469705265793,0.01039579924092883,76.0,3140.0,4936.0,0.0
MA_37 MA_66,-0.21722116938420455,0.20801899466588658,0.010395799240928823,72.0,3149.0,4936.0,0.0
MA_37 MA_67,-0.2556365474777031,0.19500905884175257,0.010428670828540007,72.0,3156.0,4936.0,0.0
MA_37 MA_68,-0.2556365474777052,0.2849322138592614,0.010428670828540003,70.0,3156.0,4936.0,0.0
MA_37 MA_69,-0.3278295761289539,0.26751523362192886,0.010458134221083513,70.0,3149.0,4936.0,0.0
MA_37 MA_70,-0.2581431939399243,0.28479461751062485,0.010485853490386709,68.0,3151.0,4936.0,0.0
MA_37 MA_71,-0.27018466087278054,0.22773485029340979,0.010462294712337101,68.0,3152.0,4936.0,0.0
MA_37 MA_72,-0.30812749883294355,0.25581290118595335,0.01065683095368417,68.0,3154.0,4936.0,0.0
MA_37 MA_73,-0.31983328416777657,0.3502073369825134,0.01065749746038611,68.0,3159.0,4936.0,0.0
MA_37 MA_74,-0.3760070537544083,0.37262269890408195,0.010675810745775803,68.0,3155.0,4936.0,0.0
MA_37 MA_75,-0.3425785142995411,0.4600190996887976,0.010629772201768285,70.0,3161.0,4936.0,0.0
MA_37 MA_76,-0.3013422035699373,0.5999444074313793,0.010640049904797935,70.0,3165.0,4936.0,0.0
MA_37 MA_77,-0.2849341327179546,0.5633654639205223,0.010641772711561831,68.0,3162.0,4936.0,0.0
MA_37 MA_78,-0.28493413271795476,0.65903008319063,0.010641772711561824,68.0,3167.0,4936.0,0.0
MA_37 MA_79,-0.21969643970044214,0.7073516105214717,0.010713321342537862,68.0,3166.0,4936.0,0.0
MA_37 MA_80,-0.31620640595345983,0.8499454993616589,0.01076791399041029,68.0,3160.0,4936.0,0.0
MA_37 MA_81,-0.31620640595345884,0.9633997701517591,0.010767913990410282,68.0,3158.0,4936.0,0.0
MA_37 MA_82,-0.35092895420075115,0.9284185456160889,0.010755766153782993,68.0,3154.0,4936.0,0.0
MA_37 MA_83,-0.3945867230099496,0.9239481535877834,0.01076681145824269,68.0,3149.0,4936.0,0.0
MA_37 MA_84,-0.2511575881088773,0.9886979725266238,0.010640961600867473,64.0,3136.0,4936.0,0.0
MA_37 MA_85,-0.23916640786192495,1.0908811076736091,0.010643105736773448,66.0,3137.0,4936.0,0.0
MA_37 MA_86,-0.23916640786192633,1.1435995533861663,0.010643105736773446,62.0,3138.0,4936.0,0.0
MA_37 MA_87,-0.22586252027741563,1.456036174453967,0.010642202582953062,62.0,3139.0,4936.0,0.0
MA_37 MA_88,-0.22586252027741555,1.4897114352631085,0.010642202582953066,60.0,3129.0,4936.0,0.0
MA_37 MA_89,-0.3702083172693828,1.5638020852649244,0.01076820851658644,62.0,3132.0,4936.0,0.0
MA_37 MA_90,-0.37020831726938136,1.233458809435453,0.010768208516586445,62.0,3129.0,4936.0,0.0
MA_37 MA_91,-0.37020831726938075,1.2071029140186424,0.010768208516586443,60.0,3128.0,4936.0,0.0
MA_37 MA_92,-0.28177609810549403,1.1100976194533967,0.010641227128036279,60.0,3142.0,4936.0,0.0
MA_37 MA_93,-0.2817760981054908,1.1609840704090888,0.010641227128036276,60.0,3150.0,4936.0,0.0
MA_37 MA_94,-0.28177609810549153,1.285822864997154,0.010641227128036272,56.0,3160.0,4936.0,0.0
MA_37 MA_95,-0.35842439784721036,1.2768322204492697,0.010675624931682354,52.0,3166.0,4936.0,0.0
MA_37 MA_96,-0.24101610446797322,1.3559672358442993,0.010659945343188324,52.0,3169.0,4936.0,0.0
MA_37 MA_97,-0.24101610446797328,1.4327780650951825,0.010659945343188322,54.0,3165.0,4936.0,0.0
MA_37 MA_98,-0.12837763381414913,1.69401763565024,0.01070328504489354,54.0,3165.0,4936.0,0.0
MA_37 MA_99,-0.0801577247344285,1.6694115259305606,0.010736020052618983,54.0,3168.0,4936.0,0.0
MA_37 MA_100,-0.08015772473442914,1.6473070699776682,0.010736020052618984,54.0,3177.0,4936.0,0.0
MA_38 MA_48,-0.06527175667898694,1.2970573645637606,0.010287703451031614,150.0,3023.0,4936.0,0.0
MA_38 MA_49,-0.23040817726856416,1.2294599675745235,0.010436894379859023,142.0,3038.0,4936.0,0.0
MA_38 MA_50,-0.24352488615564524,1.103040304298681,0.010436306606430204,138.0,3046.0,4936.0,0.0
MA_38 MA_51,-0.24352488615564252,0.9282103998537443,0.010436306606430204,128.0,3060.0,4936.0,0.0
MA_38 MA_52,-0.24352488615564516,1.078026561952917,0.010436306606430207,122.0,3061.0,4936.0,0.0
MA_38 MA_53,-0.1996575128169033,1.222709420989808,0.010447147732505421,120.0,3061.0,4936.0,0.0
MA_38 MA_54,-0.20060121613443244,1.1154664888982766,0.010447137118390718,120.0,3065.0,4936.0,0.0
MA_38 MA_55,-0.2312110479090624,1.1942589752720498,0.010455330332963895,122.0,3079.0,4936.0,0.0
MA_38 MA_56,-0.17227014832929158,1.1889718877973863,0.010445226648970941,110.0,3087.0,4936.0,0.0
MA_38 MA_57,-0.23160464383042725,1.1179412494342835,0.0104644758810084,108.0,3081.0,4936.0,0.0
MA_38 MA_58,-0.17339525069191944,1.1505864069079532,0.0104404310509928,108.0,3091.0,4936.0,0.0
MA_38 MA_59,-0.32391228176399073,0.8058463388558925,0.010318390007130179,106.0,3095.0,4936.0,0.0
MA_38 MA_60,-0.3441477214191601,0.4884455528828695,0.010307871970553283,104.0,3104.0,4936.0,0.0
MA_38 MA_61,-0.3441477214191604,0.2766926860173189,0.010307871970553275,100.0,3111.0,4936.0,0.0
MA_38 MA_62,-0.3441477214191586,0.13918683224312267,0.010307871970553288,96.0,3124.0,4936.0,0.0
MA_38 MA_63,-0.21722116938420455,0.23368601928800503,0.010395799240928823,86.0,3123.0,4936.0,0.0
MA_38 MA_64,-0.23398379298463814,0.337794090786967,0.010394136971658724,82.0,3131.0,4936.0,0.0
MA_38 MA_65,-0.25968510238377673,0.27082202984839676,0.010409269877694494,78.0,3140.0,4936.0,0.0
MA_38 MA_66,-0.21589096033855354,0.18651915785570417,0.010420125786575408,78.0,3145.0,4936.0,0.0
MA_38 MA_67,-0.21589096033855212,0.17913170732078876,0.010420125786575411,72.0,3149.0,4936.0,0.0
MA_38 MA_68,-0.21864200757773483,0.32777332295679495,0.010477362032196099,72.0,3154.0,4936.0,0.0
MA_38 MA_69,-0.2701846608727798,0.2820708227765778,0.010462294712337103,70.0,3153.0,4936.0,0.0
MA_38 MA_70,-0.27018466087278037,0.31506540477928824,0.010462294712337106,68.0,3154.0,4936.0,0.0
MA_38 MA_71,-0.3081274988329444,0.300399451202475,0.010656830953684165,68.0,3149.0,4936.0,0.0
MA_38 MA_72,-0.30812749883294493,0.32150346698726406,0.01065683095368417,68.0,3150.0,4936.0,0.0
MA_38 MA_73,-0.28575279095203726,0.37174530318998955,0.010611284908357773,68.0,3154.0,4936.0,0.0
MA_38 MA_74,-0.3425785142995409,0.40430474585095966,0.010629772201768292,68.0,3157.0,4936.0,0.0
MA_38 MA_75,-0.3013422035699366,0.5926633764672333,0.010640049904797937,68.0,3156.0,4936.0,0.0
MA_38 MA_76,-0.3013422035699369,0.717690191439609,0.010640049904797924,70.0,3161.0,4936.0,0.0
MA_38 MA_77,-0.3541883169584407,0.7754688386362147,0.010611485243647379,68.0,3166.0,4936.0,0.0
MA_38 MA_78,-0.21969643970044417,0.7861970996240786,0.01071332134253786,68.0,3163.0,4936.0,0.0
MA_38 MA_79,-0.3162064059534595,0.8811448286472443,0.01076791399041028,66.0,3168.0,4936.0,0.0
MA_38 MA_80,-0.36241812660503897,0.8866860555073219,0.010754820317781393,66.0,3162.0,4936.0,0.0
MA_38 MA_81,-0.3597431932825682,0.87430591220843,0.010755181245913754,66.0,3161.0,4936.0,0.0
MA_38 MA_82,-0.4033256848888237,0.8549161304936819,0.0107662085452471,66.0,3161.0,4936.0,0.0
MA_38 MA_83,-0.4033256848888251,1.0896277404494268,0.010766208545247099,68.0,3156.0,4936.0,0.0
MA_38 MA_84,-0.3830089857868872,1.1285696294808631,0.010769011246623512,68.0,3151.0,4936.0,0.0
MA_38 MA_85,-0.38776782798207826,1.135202927771077,0.010769819936300083,64.0,3145.0,4936.0,0.0
MA_38 MA_86,-0.3877678279820783,1.203374364192915,0.01076981993630008,62.0,3145.0,4936.0,0.0
MA_38 MA_87,-0.3877678279820788,1.70319896563313,0.010769819936300084,62.0,3144.0,4936.0,0.0
MA_38 MA_88,-0.4113664691571065,1.7013619255321637,0.010766088763173203,62.0,3136.0,4936.0,0.0
MA_38 MA_89,-0.411366469157106,1.7153833318303513,0.010766088763173216,60.0,3132.0,4936.0,0.0
MA_38 MA_90,-0.411366469157106,1.1660280024653948,0.010766088763173216,62.0,3132.0,4936.0,0.0
MA_38 MA_91,-0.4113664691571056,1.0294999365717286,0.010766088763173226,62.0,3129.0,4936.0,0.0
MA_38 MA_92,-0.4349311940949274,1.0993217693377542,0.010769124431448106,60.0,3139.0,4936.0,0.0
MA_38 MA_93,-0.29308267040816477,1.0673261201587003,0.010643590438514624,60.0,3147.0,4936.0,0.0
MA_38 MA_94,-0.23295646098052092,1.0836974971147133,0.010623105584527243,58.0,3160.0,4936.0,0.0
MA_38 MA_95,-0.2462682903998995,1.3429994548739135,0.010624006323936527,54.0,3168.0,4936.0,0.0
MA_38 MA_96,-0.2462682903999016,1.3323396022274294,0.01062400632393652,50.0,3163.0,4936.0,0.0
MA_38 MA_97,-0.09010490145948785,1.4290590313324336,0.010633017667292539,54.0,3158.0,4936.0,0.0
MA_38 MA_98,-0.18667062884688698,1.5890014436014397,0.010684651742246165,52.0,3161.0,4936.0,0.0
MA_38 MA_99,-0.24397667551898367,1.6366470487373408,0.01073598690212756,52.0,3166.0,4936.0,0.0
MA_38 MA_100,-0.2439766755189817,1.783560656536538,0.010735986902127561,54.0,3171.0,4936.0,0.0
MA_39 MA_49,-0.3158469396847329,1.1041328890543323,0.010465787581798228,148.0,3031.0,4936.0,0.0
MA_39 MA_50,-0.31584693968473504,0.9760979320191903,0.010465787581798221,146.0,3042.0,4936.0,0.0
MA_39 MA_51,-0.37103938896825844,1.1399433610967522,0.010447864659073701,134.0,3048.0,4936.0,0.0
MA_39 MA_52,-0.32895155228754386,1.2494035462340394,0.010458927980339084,124.0,3059.0,4936.0,0.0
MA_39 MA_53,-0.3289515522875448,1.409872480246562,0.010458927980339075,122.0,3057.0,4936.0,0.0
MA_39 MA_54,-0.3289515522875448,1.338920047456674,0.010458927980339075,120.0,3062.0,4936.0,0.0
MA_39 MA_55,-0.366328336790002,1.111938255483087,0.01047565867534823,120.0,3070.0,4936.0,0.0
MA_39 MA_56,-0.30390720695944706,1.1720002124985633,0.01049391456339812,116.0,3086.0,4936.0,0.0
MA_39 MA_57,-0.3883675517961683,0.8342619492507215,0.010341912951873535,108.0,3081.0,4936.0,0.0
MA_39 MA_58,-0.3883675517961679,0.47201385180236954,0.010341912951873526,108.0,3088.0,4936.0,0.0
MA_39 MA_59,-0.4084027447173361,0.4411279538845463,0.010331359738380775,106.0,3097.0,4936.0,0.0
MA_39 MA_60,-0.40840274471733684,0.2816766384148681,0.010331359738380773,104.0,3095.0,4936.0,0.0
MA_39 MA_61,-0.42477125656456793,0.1883369403912425,0.010329544965446332,98.0,3099.0,4936.0,0.0
MA_39 MA_62,-0.259685102383776,0.13263501459818916,0.010409269877694494,96.0,3109.0,4936.0,0.0
MA_39 MA_63,-0.2596851023837753,0.035720380980510225,0.010409269877694496,92.0,3116.0,4936.0,0.0
MA_39 MA_64,-0.2596851023837756,0.08844644519246114,0.01040926987769451,90.0,3123.0,4936.0,0.0
MA_39 MA_65,-0.2158909603385522,0.12824296002017954,0.010420125786575408,78.0,3131.0,4936.0,0.0
MA_39 MA_66,-0.267749498961089,0.1223997290740435,0.010404984604079147,78.0,3137.0,4936.0,0.0
MA_39 MA_67,-0.31450013269226035,0.11581483252605529,0.010450853613021565,76.0,3143.0,4936.0,0.0
MA_39 MA_68,-0.3145001326922609,0.14215531560277617,0.010450853613021569,74.0,3146.0,4936.0,0.0
MA_39 MA_69,-0.3145001326922619,0.31327775886291453,0.01045085361302156,72.0,3148.0,4936.0,0.0
MA_39 MA_70,-0.3513464227510457,0.3811385796680107,0.010645513185245111,68.0,3151.0,4936.0,0.0
MA_39 MA_71,-0.273921147940885,0.39434350240328353,0.010610596103647915,68.0,3149.0,4936.0,0.0
MA_39 MA_72,-0.28575279095203776,0.6957860369757585,0.010611284908357778,68.0,3154.0,4936.0,0.0
MA_39 MA_73,-0.2857527909520372,0.6991652737349086,0.010611284908357775,68.0,3150.0,4936.0,0.0
MA_39 MA_74,-0.3535853812422294,0.8109233866599321,0.010621370043622578,68.0,3154.0,4936.0,0.0
MA_39 MA_75,-0.30968925360672034,0.9258813549456058,0.01063166512839639,68.0,3162.0,4936.0,0.0
MA_39 MA_76,-0.29328995019539167,0.7705672640524248,0.010633395449254327,66.0,3162.0,4936.0,0.0
MA_39 MA_77,-0.1582661218954732,0.8492819167608592,0.010734657805086202,68.0,3165.0,4936.0,0.0
MA_39 MA_78,-0.20571931808918692,0.8516043174509222,0.010721864618570635,68.0,3166.0,4936.0,0.0
MA_39 MA_79,-0.31132697686840677,1.0376127643380513,0.010775911957525409,68.0,3164.0,4936.0,0.0
MA_39 MA_80,-0.29976209003152615,1.0301894804814644,0.010776828374755694,66.0,3166.0,4936.0,0.0
MA_39 MA_81,-0.2997620900315264,1.0652706717144698,0.01077682837475571,64.0,3164.0,4936.0,0.0
MA_39 MA_82,-0.3309124010545183,1.0563252197991524,0.010787133162287093,68.0,3160.0,4936.0,0.0
MA_39 MA_83,-0.37020831726938286,1.2133098377896614,0.010768208516586438,66.0,3151.0,4936.0,0.0
MA_39 MA_84,-0.3938782619958651,1.1982332699677798,0.01076449686089853,66.0,3150.0,4936.0,0.0
MA_39 MA_85,-0.41136646915710606,1.3357765305766653,0.010766088763173214,66.0,3147.0,4936.0,0.0
MA_39 MA_86,-0.43493119409492786,1.3577030576108626,0.010769124431448111,62.0,3147.0,4936.0,0.0
MA_39 MA_87,-0.4349311940949298,1.4331174087643954,0.010769124431448111,62.0,3142.0,4936.0,0.0
MA_39 MA_88,-0.4638294650821002,1.8136900015462345,0.010763492118296523,62.0,3136.0,4936.0,0.0
MA_39 MA_89,-0.46382946508210054,1.2421262259163526,0.01076349211829653,60.0,3135.0,4936.0,0.0
MA_39 MA_90,-0.40652256865441383,1.1101708818799105,0.010743730085934575,62.0,3135.0,4936.0,0.0
MA_39 MA_91,-0.40652256865441483,1.1588849758949644,0.010743730085934567,62.0,3132.0,4936.0,0.0
MA_39 MA_92,-0.4320101770777803,1.088947890420322,0.010747311984457157,62.0,3141.0,4936.0,0.0
MA_39 MA_93,-0.40291618003627777,0.9708349332188633,0.010752906566026302,60.0,3151.0,4936.0,0.0
MA_39 MA_94,-0.25960977278710945,1.0262316170034813,0.010626947678155547,58.0,3156.0,4936.0,0.0
MA_39 MA_95,-0.2596097727871094,1.2533749664439804,0.010626947678155549,58.0,3162.0,4936.0,0.0
MA_39 MA_96,-0.2596097727871094,1.4773063248128673,0.010626947678155549,54.0,3169.0,4936.0,0.0
MA_39 MA_97,-0.33527581976171433,1.7580870496729184,0.010593864562894701,54.0,3163.0,4936.0,0.0
MA_39 MA_98,-0.4398536239011671,1.751093340462457,0.010645412758431042,52.0,3161.0,4936.0,0.0
MA_39 MA_99,-0.4398536239011664,1.5648241607401636,0.010645412758431044,50.0,3160.0,4936.0,0.0
MA_39 MA_100,-0.3771193581841579,1.6813423957426492,0.010686175919620997,50.0,3169.0,4936.0,0.0
MA_40 MA_50,-0.32895155228754475,0.8310434446794217,0.010458927980339077,146.0,3045.0,4936.0,0.0
MA_40 MA_51,-0.32895155228754264,1.225991238611893,0.01045892798033908,146.0,3047.0,4936.0,0.0
MA_40 MA_52,-0.43447915107070245,1.3010845006071974,0.010578424200898216,138.0,3049.0,4936.0,0.0
MA_40 MA_53,-0.4899818890757379,0.9211790390697794,0.010596725276233367,126.0,3055.0,4936.0,0.0
MA_40 MA_54,-0.47056814613548487,0.8367139570206708,0.010594773255821322,124.0,3061.0,4936.0,0.0
MA_40 MA_55,-0.32760534234982164,0.8657748730923329,0.010467353036176396,122.0,3066.0,4936.0,0.0
MA_40 MA_56,-0.32760534234982314,0.8286162977856184,0.010467353036176392,114.0,3070.0,4936.0,0.0
MA_40 MA_57,-0.42411768244440706,0.49627965314572364,0.01037894162249762,112.0,3076.0,4936.0,0.0
MA_40 MA_58,-0.4789819727625588,0.4028828566817928,0.010360600249808035,110.0,3079.0,4936.0,0.0
MA_40 MA_59,-0.42477125656456766,0.3850154347405148,0.010329544965446339,108.0,3083.0,4936.0,0.0
MA_40 MA_60,-0.385910421822616,0.23168260106748262,0.01032121886696874,102.0,3093.0,4936.0,0.0
MA_40 MA_61,-0.2596851023837772,0.07121878244173563,0.010409269877694503,100.0,3094.0,4936.0,0.0
MA_40 MA_62,-0.25968510238377673,0.11051955336797237,0.010409269877694494,96.0,3104.0,4936.0,0.0
MA_40 MA_63,-0.31233790336156253,0.08384513621023992,0.010393488232725916,94.0,3113.0,4936.0,0.0
MA_40 MA_64,-0.3123379033615622,0.08162985353769914,0.010393488232725906,92.0,3114.0,4936.0,0.0
MA_40 MA_65,-0.31233790336156353,0.0840593355273942,0.010393488232725906,80.0,3115.0,4936.0,0.0
MA_40 MA_66,-0.31450013269226107,0.08855804651086863,0.010450853613021564,82.0,3134.0,4936.0,0.0
MA_40 MA_67,-0.31450013269225974,0.0729962472954866,0.010450853613021564,80.0,3140.0,4936.0,0.0
MA_40 MA_68,-0.2780981825670553,0.28158836013685806,0.010487509552512504,78.0,3149.0,4936.0,0.0
MA_40 MA_69,-0.3461825545092472,0.6149829917013343,0.010580264373667478,76.0,3144.0,4936.0,0.0
MA_40 MA_70,-0.3578972757973739,0.5121763558327208,0.010580916036386912,74.0,3146.0,4936.0,0.0
MA_40 MA_71,-0.357897275797374,0.5154790073166713,0.010580916036386908,72.0,3149.0,4936.0,0.0
MA_40 MA_72,-0.35521179542059467,0.5796736806588219,0.010580910170582934,70.0,3146.0,4936.0,0.0
MA_40 MA_73,-0.3509087438904803,0.7076569676806421,0.010621363827561878,70.0,3150.0,4936.0,0.0
MA_40 MA_74,-0.35090874389048143,0.875833737696486,0.010621363827561884,68.0,3156.0,4936.0,0.0
MA_40 MA_75,-0.356577006924001,0.919634731882456,0.010618426431059473,68.0,3158.0,4936.0,0.0
MA_40 MA_76,-0.3492318481021215,1.0299887386538753,0.010619608361784527,66.0,3161.0,4936.0,0.0
MA_40 MA_77,-0.2147826213689757,1.1913616713001178,0.01072133867201894,66.0,3162.0,4936.0,0.0
MA_40 MA_78,-0.31132697686840777,1.2499856441696289,0.010775911957525397,68.0,3162.0,4936.0,0.0
MA_40 MA_79,-0.3113269768684055,1.3778962050108516,0.010775911957525409,68.0,3166.0,4936.0,0.0
MA_40 MA_80,-0.2867740154860178,1.3311228617752788,0.010775975094399794,66.0,3166.0,4936.0,0.0
MA_40 MA_81,-0.3546892066322933,0.9956584841421317,0.0107834718375444,66.0,3159.0,4936.0,0.0
MA_40 MA_82,-0.3546892066322925,1.174609691714914,0.010783471837544405,64.0,3161.0,4936.0,0.0
MA_40 MA_83,-0.33424385151739894,1.303308193223606,0.010786223014289963,64.0,3155.0,4936.0,0.0
MA_40 MA_84,-0.3811198978972146,1.3679486608376643,0.010782355110643597,66.0,3155.0,4936.0,0.0
MA_40 MA_85,-0.44038280425662685,1.1679376534107822,0.010760488406844956,66.0,3152.0,4936.0,0.0
MA_40 MA_86,-0.46382946508210116,1.2077280587681485,0.010763492118296516,62.0,3154.0,4936.0,0.0
MA_40 MA_87,-0.43201017707778167,1.2719797043830399,0.010747311984457155,62.0,3147.0,4936.0,0.0
MA_40 MA_88,-0.4320101770777818,1.4974832237573907,0.010747311984457152,62.0,3146.0,4936.0,0.0
MA_40 MA_89,-0.43201017707778194,1.0283785597293176,0.010747311984457164,62.0,3146.0,4936.0,0.0
MA_40 MA_90,-0.3725970644579646,1.2191256060838547,0.010769179887754044,62.0,3146.0,4936.0,0.0
MA_40 MA_91,-0.37259706445796326,1.21161553732968,0.010769179887754042,60.0,3139.0,4936.0,0.0
MA_40 MA_92,-0.43201017707778133,0.8898338968367907,0.010747311984457164,62.0,3139.0,4936.0,0.0
MA_40 MA_93,-0.5225095713406528,1.0937483436296374,0.010715534166238813,60.0,3149.0,4936.0,0.0
MA_40 MA_94,-0.5225095713406538,1.1548164107646497,0.010715534166238806,54.0,3158.0,4936.0,0.0
MA_40 MA_95,-0.5225095713406538,1.2920695298587375,0.010715534166238806,54.0,3165.0,4936.0,0.0
MA_40 MA_96,-0.5225095713406538,1.461675636135197,0.010715534166238804,54.0,3167.0,4936.0,0.0
MA_40 MA_97,-0.4937427955448437,1.5491432624773385,0.01072127276296159,52.0,3165.0,4936.0,0.0
MA_40 MA_98,-0.3534764653834433,1.6233923427402428,0.01059558130513574,52.0,3160.0,4936.0,0.0
MA_40 MA_99,-0.35347646538344357,1.7396600978360182,0.01059558130513575,48.0,3157.0,4936.0,0.0
MA_40 MA_100,-0.35347646538344524,1.7170593072718727,0.010595581305135741,48.0,3161.0,4936.0,0.0
MA_41 MA_51,-0.43447915107070356,1.0725429449907011,0.010578424200898207,146.0,3039.0,4936.0,0.0
MA_41 MA_52,-0.47056814613548653,1.0454664935693079,0.0105947732558213,140.0,3042.0,4936.0,0.0
MA_41 MA_53,-0.5130215306318214,0.8922818432402517,0.010583062037933426,132.0,3043.0,4936.0,0.0
MA_41 MA_54,-0.5130215306318222,0.8396159284518641,0.010583062037933424,124.0,3048.0,4936.0,0.0
MA_41 MA_55,-0.47901375555910825,0.697384157536741,0.010590763550333704,124.0,3063.0,4936.0,0.0
MA_41 MA_56,-0.6232585378271525,0.5805100842759028,0.010468404151633096,122.0,3058.0,4936.0,0.0
MA_41 MA_57,-0.6232585378271528,0.48039797006606255,0.01046840415163309,114.0,3071.0,4936.0,0.0
MA_41 MA_58,-0.6333406593984863,0.42500364126106605,0.010486336074589259,108.0,3075.0,4936.0,0.0
MA_41 MA_59,-0.33195513697902035,0.26589896924673284,0.010438776307670315,106.0,3085.0,4936.0,0.0
MA_41 MA_60,-0.3319551369790205,0.24570742087558717,0.01043877630767031,104.0,3089.0,4936.0,0.0
MA_41 MA_61,-0.4266567566358293,0.10768069343360853,0.010411685324694738,100.0,3087.0,4936.0,0.0
MA_41 MA_62,-0.38392385348584956,0.035741776311146056,0.01042286703582879,98.0,3094.0,4936.0,0.0
MA_41 MA_63,-0.38392385348585173,0.07759569671353139,0.010422867035828787,94.0,3106.0,4936.0,0.0
MA_41 MA_64,-0.45654407921431,0.09173739868459241,0.01039163770340133,92.0,3116.0,4936.0,0.0
MA_41 MA_65,-0.38755647709114693,0.05120069222961776,0.010419936500979539,88.0,3124.0,4936.0,0.0
MA_41 MA_66,-0.3089885062700266,0.18779899107318987,0.01038436677908508,82.0,3125.0,4936.0,0.0
MA_41 MA_67,-0.1981807107253492,0.3354695118610398,0.010451776737044071,82.0,3137.0,4936.0,0.0
MA_41 MA_68,-0.3461825545092465,0.29642863340960424,0.010580264373667478,80.0,3139.0,4936.0,0.0
MA_41 MA_69,-0.3578972757973735,0.38615058611834185,0.010580916036386903,78.0,3142.0,4936.0,0.0
MA_41 MA_70,-0.40469565998049367,0.5604861784270951,0.010567511837552133,74.0,3140.0,4936.0,0.0
MA_41 MA_71,-0.45774560416599913,0.6108556436717041,0.010585767193875559,74.0,3152.0,4936.0,0.0
MA_41 MA_72,-0.3975633864862076,0.5689146518203227,0.010608023054803089,72.0,3151.0,4936.0,0.0
MA_41 MA_73,-0.3975633864862077,0.7628489474644848,0.010608023054803085,70.0,3153.0,4936.0,0.0
MA_41 MA_74,-0.3655040984760657,0.7947917837666618,0.010617833490531794,70.0,3153.0,4936.0,0.0
MA_41 MA_75,-0.36550409847606713,0.8809286436724175,0.010617833490531772,68.0,3159.0,4936.0,0.0
MA_41 MA_76,-0.38966001136618733,0.9480565847975642,0.010628880948908645,68.0,3163.0,4936.0,0.0
MA_41 MA_77,-0.3385852299462531,1.1434753747577986,0.010784292513557309,66.0,3167.0,4936.0,0.0
MA_41 MA_78,-0.36233911877700375,1.2567543759018949,0.01078062164744785,66.0,3163.0,4936.0,0.0
MA_41 MA_79,-0.350879127158177,1.3549105597887445,0.01078156565332827,64.0,3166.0,4936.0,0.0
MA_41 MA_80,-0.3546892066322937,1.402378551406895,0.010783471837544387,66.0,3164.0,4936.0,0.0
MA_41 MA_81,-0.3546892066322924,1.5222121353910367,0.010783471837544406,66.0,3162.0,4936.0,0.0
MA_41 MA_82,-0.36356023073529364,1.3004832033251366,0.010780740276515311,64.0,3159.0,4936.0,0.0
MA_41 MA_83,-0.322896921117902,1.6550304196954069,0.010762393201329035,66.0,3162.0,4936.0,0.0
MA_41 MA_84,-0.32289692111790175,1.3462503009091682,0.010762393201329023,64.0,3154.0,4936.0,0.0
MA_41 MA_85,-0.3468713673591199,1.1326277044209792,0.010765532000500018,66.0,3154.0,4936.0,0.0
MA_41 MA_86,-0.3725970644579639,1.102580524919638,0.010769179887754044,64.0,3154.0,4936.0,0.0
MA_41 MA_87,-0.3683327699659813,1.0510308733427416,0.01076913257694307,64.0,3147.0,4936.0,0.0
MA_41 MA_88,-0.3861106984584323,1.2370983000587978,0.010770788339285391,58.0,3141.0,4936.0,0.0
MA_41 MA_89,-0.4594617941766817,1.0969667283437965,0.010737695701125987,60.0,3140.0,4936.0,0.0
MA_41 MA_90,-0.45946179417668076,1.0976202173195286,0.010737695701125994,58.0,3140.0,4936.0,0.0
MA_41 MA_91,-0.4594617941766823,1.3153939993907922,0.010737695701125989,58.0,3138.0,4936.0,0.0
MA_41 MA_92,-0.45946179417668087,1.178233670484801,0.010737695701125993,56.0,3137.0,4936.0,0.0
MA_41 MA_93,-0.4594617941766822,1.2762129289679716,0.01073769570112599,60.0,3140.0,4936.0,0.0
MA_41 MA_94,-0.49007163336729986,1.4656071218259714,0.010721057669055,54.0,3154.0,4936.0,0.0
MA_41 MA_95,-0.49178319222261313,1.5108733671802845,0.010721003749561711,54.0,3155.0,4936.0,0.0
MA_41 MA_96,-0.49597385296962915,1.2953548943220814,0.010721025943981591,54.0,3155.0,4936.0,0.0
MA_41 MA_97,-0.49597385296962754,1.5434870930965081,0.010721025943981584,52.0,3163.0,4936.0,0.0
MA_41 MA_98,-0.4959738529696286,1.5488334335478342,0.01072102594398159,50.0,3162.0,4936.0,0.0
MA_41 MA_99,-0.4959738529696299,1.6791477147730833,0.01072102594398159,50.0,3160.0,4936.0,0.0
MA_41 MA_100,-0.3557896384704317,1.54072040802295,0.010595347626319846,48.0,3160.0,4936.0,0.0
MA_42 MA_52,-0.4532866817428444,1.1270349527614618,0.01060548292551651,144.0,3037.0,4936.0,0.0
MA_42 MA_53,-0.4532866817428436,0.9367236678839947,0.010605482925516514,142.0,3043.0,4936.0,0.0
MA_42 MA_54,-0.6341554228890904,0.741185567320906,0.010459729647407056,128.0,3041.0,4936.0,0.0
MA_42 MA_55,-0.634155422889089,0.7493193970024181,0.010459729647407068,126.0,3050.0,4936.0,0.0
MA_42 MA_56,-0.6933257758238298,0.7590885569335748,0.01043648409760354,120.0,3061.0,4936.0,0.0
MA_42 MA_57,-0.5880864113923091,0.6420701379562848,0.010523458980505933,112.0,3065.0,4936.0,0.0
MA_42 MA_58,-0.5458454189701663,0.5131636788686755,0.010535387278972096,110.0,3073.0,4936.0,0.0
MA_42 MA_59,-0.4751498690068276,0.39336319875497283,0.010566517481564648,102.0,3081.0,4936.0,0.0
MA_42 MA_60,-0.42665675663582847,0.23534920955687832,0.010411685324694742,102.0,3083.0,4936.0,0.0
MA_42 MA_61,-0.3839238534858518,0.084179134090554,0.010422867035828785,100.0,3086.0,4936.0,0.0
MA_42 MA_62,-0.4565440792143085,0.07233439092830163,0.01039163770340135,98.0,3092.0,4936.0,0.0
MA_42 MA_63,-0.3875564770911471,0.0394934766750652,0.010419936500979533,96.0,3095.0,4936.0,0.0
MA_42 MA_64,-0.3089885062700262,0.18026506603015635,0.01038436677908507,92.0,3108.0,4936.0,0.0
MA_42 MA_65,-0.3089885062700261,0.15609505052103367,0.010384366779085075,94.0,3116.0,4936.0,0.0
MA_42 MA_66,-0.24668796465868886,0.18434522183935909,0.01043856121418009,82.0,3125.0,4936.0,0.0
MA_42 MA_67,-0.3930638163682063,0.20508543574690918,0.010566885030613747,80.0,3127.0,4936.0,0.0
MA_42 MA_68,-0.4020284919066946,0.19808788149805734,0.010567511845802128,80.0,3134.0,4936.0,0.0
MA_42 MA_69,-0.4020284919066942,0.298173784512505,0.010567511845802121,78.0,3139.0,4936.0,0.0
MA_42 MA_70,-0.45774560416599935,0.5426575923560306,0.010585767193875554,76.0,3144.0,4936.0,0.0
MA_42 MA_71,-0.3975633864862091,0.5377136439303105,0.010608023054803083,74.0,3147.0,4936.0,0.0
MA_42 MA_72,-0.35246760463920723,0.7040208096908047,0.010617005104856863,74.0,3148.0,4936.0,0.0
MA_42 MA_73,-0.35246760463920657,0.7743518256419712,0.010617005104856863,72.0,3147.0,4936.0,0.0
MA_42 MA_74,-0.39288034224110147,0.9056409707021702,0.010626273893734422,70.0,3155.0,4936.0,0.0
MA_42 MA_75,-0.3766951121780886,0.9127953005203018,0.010628068629407652,68.0,3157.0,4936.0,0.0
MA_42 MA_76,-0.266983856575128,1.1369414151638817,0.01072630855191287,68.0,3159.0,4936.0,0.0
MA_42 MA_77,-0.36233911877700326,1.0375133304179451,0.010780621647447846,66.0,3162.0,4936.0,0.0
MA_42 MA_78,-0.3508791271581772,1.1607189357595344,0.010781565653328263,66.0,3170.0,4936.0,0.0
MA_42 MA_79,-0.3801315205794258,1.1021170973911314,0.010776057526595684,64.0,3167.0,4936.0,0.0
MA_42 MA_80,-0.36577334025173996,1.1747964929425478,0.010767186732189873,64.0,3165.0,4936.0,0.0
MA_42 MA_81,-0.3453323267851536,1.1896391823338464,0.010769952372576436,66.0,3165.0,4936.0,0.0
MA_42 MA_82,-0.34533232678515396,1.5636408409291893,0.010769952372576443,66.0,3163.0,4936.0,0.0
MA_42 MA_83,-0.3629706093074846,1.625416323907006,0.010771584598631548,64.0,3164.0,4936.0,0.0
MA_42 MA_84,-0.38249048813274966,1.627668698106306,0.01077463010291203,64.0,3158.0,4936.0,0.0
MA_42 MA_85,-0.4558484977559521,0.9951781684422516,0.01074156156848311,64.0,3154.0,4936.0,0.0
MA_42 MA_86,-0.44187015521192374,1.0735181125604831,0.010736097589677567,64.0,3154.0,4936.0,0.0
MA_42 MA_87,-0.4594617941766816,0.9502908760459714,0.01073769570112599,62.0,3151.0,4936.0,0.0
MA_42 MA_88,-0.45946179417668304,1.1095210226027192,0.010737695701125989,60.0,3145.0,4936.0,0.0
MA_42 MA_89,-0.4309918054913307,1.2701447267310186,0.010743143174907481,60.0,3144.0,4936.0,0.0
MA_42 MA_90,-0.3489921063725916,1.235641824097176,0.010702328408098531,56.0,3143.0,4936.0,0.0
MA_42 MA_91,-0.348992106372591,1.2768400740325974,0.01070232840809853,56.0,3145.0,4936.0,0.0
MA_42 MA_92,-0.39083732220413664,1.3656134626810252,0.010711479288969893,56.0,3141.0,4936.0,0.0
MA_42 MA_93,-0.35074992282052647,1.3422948247528006,0.010702286397841198,56.0,3141.0,4936.0,0.0
MA_42 MA_94,-0.43271749634983886,1.2018502700734985,0.010743094314503588,58.0,3147.0,4936.0,0.0
MA_42 MA_95,-0.5061187196063532,1.3631387485761826,0.010776606050981255,52.0,3152.0,4936.0,0.0
MA_42 MA_96,-0.5643701837623325,1.4358017376541885,0.010754367797925933,52.0,3154.0,4936.0,0.0
MA_42 MA_97,-0.5643701837623324,1.501821787691267,0.010754367797925934,48.0,3157.0,4936.0,0.0
MA_42 MA_98,-0.5643701837623325,1.554365569387623,0.010754367797925933,50.0,3163.0,4936.0,0.0
MA_42 MA_99,-0.5643701837623321,1.6411931395551096,0.010754367797925928,48.0,3167.0,4936.0,0.0
MA_42 MA_100,-0.5684916969047723,1.6927576083618234,0.010754374233041398,50.0,3164.0,4936.0,0.0
MA_43 MA_53,-0.6642735964265684,0.8083791884368219,0.01045351823854757,148.0,3027.0,4936.0,0.0
MA_43 MA_54,-0.6350770417922725,0.7368308989621122,0.010459698472294407,142.0,3038.0,4936.0,0.0
MA_43 MA_55,-0.5128696373192344,0.8663253580099615,0.010548081684412871,136.0,3046.0,4936.0,0.0
MA_43 MA_56,-0.5744130715065867,0.6574634199447604,0.010532392100586622,122.0,3054.0,4936.0,0.0
MA_43 MA_57,-0.5744130715065863,0.42821745798954636,0.010532392100586617,118.0,3066.0,4936.0,0.0
MA_43 MA_58,-0.5744130715065873,0.43102488761296276,0.010532392100586612,112.0,3066.0,4936.0,0.0
MA_43 MA_59,-0.5254043738027581,0.41305780091915945,0.010550446629122601,102.0,3071.0,4936.0,0.0
MA_43 MA_60,-0.5254043738027584,0.043711013086831674,0.010550446629122596,100.0,3075.0,4936.0,0.0
MA_43 MA_61,-0.4565440792143086,0.07078808218637311,0.010391637703401348,100.0,3082.0,4936.0,0.0
MA_43 MA_62,-0.30898850627002455,0.2119444855792061,0.010384366779085082,96.0,3085.0,4936.0,0.0
MA_43 MA_63,-0.5002701315676388,0.18550200474571055,0.010499240338440675,94.0,3095.0,4936.0,0.0
MA_43 MA_64,-0.3570695654890015,0.19914112156333363,0.010370829935761744,92.0,3104.0,4936.0,0.0
MA_43 MA_65,-0.2466879646586888,0.19526793314705637,0.010438561214180091,92.0,3114.0,4936.0,0.0
MA_43 MA_66,-0.2439112413942707,0.08650329121438749,0.010438540741667229,84.0,3117.0,4936.0,0.0
MA_43 MA_67,-0.4020284919066948,0.10299052117239316,0.010567511845802123,82.0,3125.0,4936.0,0.0
MA_43 MA_68,-0.4020284919066941,0.18810422438894436,0.010567511845802124,78.0,3137.0,4936.0,0.0
MA_43 MA_69,-0.44488526963775954,0.33456190328926305,0.010584993110641434,78.0,3134.0,4936.0,0.0
MA_43 MA_70,-0.39348505154584285,0.5152807345210138,0.010606608340351084,76.0,3142.0,4936.0,0.0
MA_43 MA_71,-0.35246760463920784,0.6612565787475777,0.010617005104856865,76.0,3140.0,4936.0,0.0
MA_43 MA_72,-0.35246760463920684,0.8022044815847695,0.010617005104856855,74.0,3146.0,4936.0,0.0
MA_43 MA_73,-0.3766951121780888,0.913211651369781,0.010628068629407664,74.0,3153.0,4936.0,0.0
MA_43 MA_74,-0.40067466030620136,1.019415073216162,0.010624306188575287,72.0,3158.0,4936.0,0.0
MA_43 MA_75,-0.4006746603062014,0.9742595866248147,0.010624306188575286,68.0,3158.0,4936.0,0.0
MA_43 MA_76,-0.2967884368627055,1.0589820056220405,0.010720890936163184,68.0,3160.0,4936.0,0.0
MA_43 MA_77,-0.4446758767160198,1.0169219925794901,0.010791950695425349,68.0,3162.0,4936.0,0.0
MA_43 MA_78,-0.3758736393552751,1.1340071815363668,0.01077314756711136,66.0,3165.0,4936.0,0.0
MA_43 MA_79,-0.41923733370923055,1.1184776465605424,0.010784121022347012,64.0,3168.0,4936.0,0.0
MA_43 MA_80,-0.4192373337092313,1.2600820426582344,0.01078412102234701,64.0,3168.0,4936.0,0.0
MA_43 MA_81,-0.3410474930132363,1.4450379458611669,0.010769899472069284,64.0,3164.0,4936.0,0.0
MA_43 MA_82,-0.4323139153310811,1.5115148477728741,0.010738541257912949,66.0,3161.0,4936.0,0.0
MA_43 MA_83,-0.43231391533108154,1.4592108464191758,0.010738541257912938,64.0,3162.0,4936.0,0.0
MA_43 MA_84,-0.45584849775595226,1.483565687786716,0.010741561568483106,64.0,3161.0,4936.0,0.0
MA_43 MA_85,-0.4810997509335668,1.5471279962191482,0.010745082280231764,64.0,3153.0,4936.0,0.0
MA_43 MA_86,-0.40005914863756076,1.230913332679986,0.010704480675117707,64.0,3155.0,4936.0,0.0
MA_43 MA_87,-0.41958168622530384,1.1872983917217788,0.010706073178865953,64.0,3148.0,4936.0,0.0
MA_43 MA_88,-0.37970399344211614,1.221209485687781,0.010696931311437724,62.0,3145.0,4936.0,0.0
MA_43 MA_89,-0.35074992282052725,1.2020430303968968,0.010702286397841194,62.0,3141.0,4936.0,0.0
MA_43 MA_90,-0.4651590808749119,1.2723417120694194,0.010745248786771078,60.0,3137.0,4936.0,0.0
MA_43 MA_91,-0.4651590808749126,1.046249987650977,0.01074524878677108,56.0,3138.0,4936.0,0.0
MA_43 MA_92,-0.4651590808749124,0.9782711816152834,0.010745248786771083,56.0,3142.0,4936.0,0.0
MA_43 MA_93,-0.46515908087491087,1.1851093944757665,0.010745248786771088,58.0,3142.0,4936.0,0.0
MA_43 MA_94,-0.4258024219026538,1.2285778375419292,0.010736232771230217,58.0,3142.0,4936.0,0.0
MA_43 MA_95,-0.4258024219026555,1.3495614351097363,0.010736232771230208,54.0,3148.0,4936.0,0.0
MA_43 MA_96,-0.42580242190265305,1.5162493146623652,0.01073623277123022,52.0,3150.0,4936.0,0.0
MA_43 MA_97,-0.3457060760992417,1.6856594419118607,0.010774947681033657,50.0,3157.0,4936.0,0.0
MA_43 MA_98,-0.3457060760992423,1.881659857163371,0.010774947681033657,46.0,3162.0,4936.0,0.0
MA_43 MA_99,-0.4858710633942207,1.7566162794319755,0.010793557301896918,46.0,3168.0,4936.0,0.0
MA_43 MA_100,-0.4858710633942215,1.7996932954783036,0.010793557301896914,48.0,3173.0,4936.0,0.0
MA_44 MA_54,-0.7334149641872862,0.5494049211137051,0.01040009577129282,152.0,3021.0,4936.0,0.0
MA_44 MA_55,-0.6847928575058101,0.48665962423993614,0.010523136139154666,148.0,3040.0,4936.0,0.0
MA_44 MA_56,-0.6392793840302219,0.41473081355678887,0.010511104047226827,144.0,3043.0,4936.0,0.0
MA_44 MA_57,-0.5268820750551783,0.5042975714985085,0.010540448806938935,124.0,3053.0,4936.0,0.0
MA_44 MA_58,-0.5237719389093388,0.4702349563068866,0.010515010211195025,112.0,3063.0,4936.0,0.0
MA_44 MA_59,-0.6113749390352873,0.49266482814490953,0.01051545810282798,112.0,3067.0,4936.0,0.0
MA_44 MA_60,-0.458177653820315,0.282134435772998,0.010578565755266429,104.0,3074.0,4936.0,0.0
MA_44 MA_61,-0.4537960360050189,0.08908518820174849,0.01051293801741793,100.0,3076.0,4936.0,0.0
MA_44 MA_62,-0.4537960360050202,0.0725985279785224,0.01051293801741793,96.0,3083.0,4936.0,0.0
MA_44 MA_63,-0.3930638163682065,0.04141273246443844,0.010566885030613744,94.0,3091.0,4936.0,0.0
MA_44 MA_64,-0.39039103289096483,0.050447622408026804,0.010566883555103108,94.0,3095.0,4936.0,0.0
MA_44 MA_65,-0.3773467261050731,0.01590322555356183,0.01056606550351791,92.0,3102.0,4936.0,0.0
MA_44 MA_66,-0.3890125542170721,0.03070865867915784,0.010566701090342242,88.0,3118.0,4936.0,0.0
MA_44 MA_67,-0.3890125542170714,0.16066864291443905,0.010566701090342242,80.0,3121.0,4936.0,0.0
MA_44 MA_68,-0.4537099542566554,0.2580611991488888,0.010584361300929462,80.0,3127.0,4936.0,0.0
MA_44 MA_69,-0.39348505154584285,0.4359898793025889,0.010606608340351103,78.0,3132.0,4936.0,0.0
MA_44 MA_70,-0.38219742631927234,0.703334999493753,0.010611416939496647,76.0,3135.0,4936.0,0.0
MA_44 MA_71,-0.3821974263192724,0.640644558109607,0.010611416939496646,78.0,3142.0,4936.0,0.0
MA_44 MA_72,-0.4301592948129073,0.7157261100188683,0.010618653889363568,76.0,3142.0,4936.0,0.0
MA_44 MA_73,-0.4301592948129077,0.7667809352265846,0.010618653889363559,74.0,3146.0,4936.0,0.0
MA_44 MA_74,-0.29678843686270556,0.731312658764111,0.010720890936163182,72.0,3161.0,4936.0,0.0
MA_44 MA_75,-0.351268319502943,0.9323663699164799,0.010738081556164313,70.0,3162.0,4936.0,0.0
MA_44 MA_76,-0.2924198613203281,1.018711130887061,0.010717948125640708,68.0,3159.0,4936.0,0.0
MA_44 MA_77,-0.3872946028566227,1.1083399759183248,0.01077218922947543,68.0,3161.0,4936.0,0.0
MA_44 MA_78,-0.37161352466390324,1.1700811788307837,0.010773100976650775,66.0,3166.0,4936.0,0.0
MA_44 MA_79,-0.4150149620229779,1.2598350509135483,0.010784083525423108,64.0,3168.0,4936.0,0.0
MA_44 MA_80,-0.4679206963016221,1.4343222149680592,0.010753818098566341,64.0,3169.0,4936.0,0.0
MA_44 MA_81,-0.46792069630162314,1.4291392114020671,0.010753818098566348,64.0,3164.0,4936.0,0.0
MA_44 MA_82,-0.48518483509559757,1.6393560669543037,0.01075534822855125,64.0,3165.0,4936.0,0.0
MA_44 MA_83,-0.42802131818013156,1.673514523113501,0.010717864922979246,66.0,3160.0,4936.0,0.0
MA_44 MA_84,-0.429752302818805,1.4210745547171322,0.010717816285147347,64.0,3156.0,4936.0,0.0
MA_44 MA_85,-0.45519166050284543,1.3177104254772223,0.010721378940973933,64.0,3155.0,4936.0,0.0
MA_44 MA_86,-0.41958168622530406,1.5927889951830383,0.010706073178865946,66.0,3155.0,4936.0,0.0
MA_44 MA_87,-0.4195816862253033,1.3659060944662027,0.01070607317886595,62.0,3156.0,4936.0,0.0
MA_44 MA_88,-0.39691859966696763,1.3036357308201634,0.010711161250255764,60.0,3145.0,4936.0,0.0
MA_44 MA_89,-0.4711420921536083,1.1785886448541594,0.010744909438022558,60.0,3143.0,4936.0,0.0
MA_44 MA_90,-0.47114209215360964,1.0595394659193849,0.01074490943802256,58.0,3146.0,4936.0,0.0
MA_44 MA_91,-0.39159192702604656,0.7935083887843211,0.010783768676383225,60.0,3145.0,4936.0,0.0
MA_44 MA_92,-0.39159192702604706,1.0600097860531608,0.010783768676383228,60.0,3143.0,4936.0,0.0
MA_44 MA_93,-0.39159192702604645,1.057528711995451,0.010783768676383228,58.0,3143.0,4936.0,0.0
MA_44 MA_94,-0.3915919270260469,1.2547971762932026,0.010783768676383216,56.0,3142.0,4936.0,0.0
MA_44 MA_95,-0.3915919270260455,1.2438229787667896,0.010783768676383218,56.0,3142.0,4936.0,0.0
MA_44 MA_96,-0.3517963784685451,1.5385105910147083,0.010774644028436219,52.0,3145.0,4936.0,0.0
MA_44 MA_97,-0.3666506209247313,1.7873409529356001,0.010790092010442134,48.0,3152.0,4936.0,0.0
MA_44 MA_98,-0.3666506209247314,1.8852114275705945,0.010790092010442131,46.0,3162.0,4936.0,0.0
MA_44 MA_99,-0.41997295220128544,1.9322137233862313,0.010768606968642949,46.0,3170.0,4936.0,0.0
MA_44 MA_100,-0.41997295220128517,1.8547442488403405,0.010768606968642938,48.0,3169.0,4936.0,0.0
MA_45 MA_55,-0.4840546445673037,0.447967797331968,0.010300110517721913,144.0,3028.0,4936.0,0.0
MA_45 MA_56,-0.6067494725566853,0.37195660022473476,0.010488862753476956,142.0,3041.0,4936.0,0.0
MA_45 MA_57,-0.5110333795493868,0.23479354311725076,0.010477149857471321,134.0,3043.0,4936.0,0.0
MA_45 MA_58,-0.4566214647580875,0.3083789543512587,0.0105169439012873,124.0,3047.0,4936.0,0.0
MA_45 MA_59,-0.4559900336016635,0.37302300058414706,0.010488943952857545,116.0,3059.0,4936.0,0.0
MA_45 MA_60,-0.3420457589958007,0.21746766373500326,0.010496812268644464,114.0,3064.0,4936.0,0.0
MA_45 MA_61,-0.28508642083954616,0.09928284934884135,0.010566576986631064,110.0,3075.0,4936.0,0.0
MA_45 MA_62,-0.3139026912089013,0.03588607728818394,0.010542992776186097,102.0,3069.0,4936.0,0.0
MA_45 MA_63,-0.3139026912089011,-0.014400129018994678,0.010542992776186104,96.0,3082.0,4936.0,0.0
MA_45 MA_64,-0.31853523905058795,-0.05753628137838607,0.01053775811611502,96.0,3090.0,4936.0,0.0
MA_45 MA_65,-0.2424764753933476,0.022769920263169263,0.010438346201009136,92.0,3099.0,4936.0,0.0
MA_45 MA_66,-0.42760993470281106,0.1047710839289846,0.010560415796138338,88.0,3111.0,4936.0,0.0
MA_45 MA_67,-0.483069815334645,0.2687962177169758,0.010578614723456557,82.0,3116.0,4936.0,0.0
MA_45 MA_68,-0.4830698153346461,0.34672562481070424,0.010578614723456546,78.0,3120.0,4936.0,0.0
MA_45 MA_69,-0.3821974263192724,0.44754983739816145,0.010611416939496646,82.0,3128.0,4936.0,0.0
MA_45 MA_70,-0.40619622071662587,0.687170702921098,0.0106076430007132,78.0,3130.0,4936.0,0.0
MA_45 MA_71,-0.430159294812908,0.6177980988339342,0.010618653889363568,76.0,3136.0,4936.0,0.0
MA_45 MA_72,-0.42587452064586206,0.7048985980024214,0.010618616719705987,76.0,3141.0,4936.0,0.0
MA_45 MA_73,-0.2924455752345542,0.6700468367855965,0.010720827571689979,76.0,3144.0,4936.0,0.0
MA_45 MA_74,-0.28807239121410644,0.7376218004967785,0.010717883840641259,74.0,3146.0,4936.0,0.0
MA_45 MA_75,-0.38304281397762013,0.8457269988128882,0.010772144982771407,70.0,3166.0,4936.0,0.0
MA_45 MA_76,-0.3830428139776203,1.018762857638003,0.01077214498277142,70.0,3166.0,4936.0,0.0
MA_45 MA_77,-0.4450893571826356,1.1976987537917645,0.010740066191694547,68.0,3159.0,4936.0,0.0
MA_45 MA_78,-0.445089357182635,1.1462007944274357,0.010740066191694545,68.0,3167.0,4936.0,0.0
MA_45 MA_79,-0.34384620148505857,1.578713916058796,0.010734722671592912,66.0,3175.0,4936.0,0.0
MA_45 MA_80,-0.3867029832464937,1.6419725501552964,0.010713196989372242,64.0,3170.0,4936.0,0.0
MA_45 MA_81,-0.40604285114757416,1.6684884462744356,0.010714757612511677,64.0,3170.0,4936.0,0.0
MA_45 MA_82,-0.40604285114757577,1.7454488214738682,0.010714757612511668,64.0,3169.0,4936.0,0.0
MA_45 MA_83,-0.4297523028188073,1.4382642954840956,0.01071781628514734,64.0,3162.0,4936.0,0.0
MA_45 MA_84,-0.4611995534375221,1.320666205728961,0.010721042104906908,68.0,3165.0,4936.0,0.0
MA_45 MA_85,-0.4611995534375203,1.2858532692725033,0.010721042104906903,66.0,3158.0,4936.0,0.0
MA_45 MA_86,-0.47875366453833884,1.3446064292724413,0.010722626113108568,64.0,3152.0,4936.0,0.0
MA_45 MA_87,-0.4503283835465888,1.58088895395061,0.010728107355383,62.0,3156.0,4936.0,0.0
MA_45 MA_88,-0.3969185996669681,1.484848745972764,0.01071116125025577,60.0,3151.0,4936.0,0.0
MA_45 MA_89,-0.4711420921536092,1.1832088267432463,0.010744909438022554,60.0,3151.0,4936.0,0.0
MA_45 MA_90,-0.47881981460653916,1.038639047464304,0.010744390071709695,58.0,3146.0,4936.0,0.0
MA_45 MA_91,-0.39934586051584103,1.133342775513174,0.01078328072873384,58.0,3145.0,4936.0,0.0
MA_45 MA_92,-0.5398634365926699,1.0656833984110188,0.010849354434620182,58.0,3142.0,4936.0,0.0
MA_45 MA_93,-0.46675243360765184,1.0337083085639658,0.01081543649734396,58.0,3146.0,4936.0,0.0
MA_45 MA_94,-0.46675243360765234,1.0401914502040626,0.010815436497343964,58.0,3145.0,4936.0,0.0
MA_45 MA_95,-0.41399030951646903,1.2409567053153796,0.010798680938721442,62.0,3145.0,4936.0,0.0
MA_45 MA_96,-0.3744331083981313,1.5530667208322666,0.010789613640626824,52.0,3146.0,4936.0,0.0
MA_45 MA_97,-0.374433108398132,1.606604340556124,0.010789613640626841,50.0,3148.0,4936.0,0.0
MA_45 MA_98,-0.374433108398131,1.846589505290091,0.010789613640626833,48.0,3156.0,4936.0,0.0
MA_45 MA_99,-0.3476617743017591,1.7366725224865465,0.010785235092762913,46.0,3164.0,4936.0,0.0
MA_45 MA_100,-0.40718899838466865,1.7726689005497076,0.010763469052591481,44.0,3170.0,4936.0,0.0
MA_46 MA_56,-0.6067494725566852,0.39803731324833413,0.010488862753476947,144.0,3033.0,4936.0,0.0
MA_46 MA_57,-0.5264988715375584,0.3373159878447374,0.010516743960662855,140.0,3043.0,4936.0,0.0
MA_46 MA_58,-0.4645427509477827,0.3200224361547417,0.010493596526099486,134.0,3042.0,4936.0,0.0
MA_46 MA_59,-0.33921596307562396,0.27978935608258415,0.010447148384860933,116.0,3046.0,4936.0,0.0
MA_46 MA_60,-0.07490381013057815,0.0512768446616112,0.010384186548273966,116.0,3059.0,4936.0,0.0
MA_46 MA_61,-0.06085395368572316,0.0406554255705045,0.0103643687736864,112.0,3056.0,4936.0,0.0
MA_46 MA_62,-0.05067617756568029,0.11447132198800958,0.01037092010057293,106.0,3064.0,4936.0,0.0
MA_46 MA_63,-0.0875550736317746,0.14409720671125537,0.010383471338471518,100.0,3068.0,4936.0,0.0
MA_46 MA_64,-0.11136429616296531,0.050469940329738616,0.010384029738832094,94.0,3084.0,4936.0,0.0
MA_46 MA_65,-0.26830591061312764,0.11186299994328519,0.010421640276141385,94.0,3096.0,4936.0,0.0
MA_46 MA_66,-0.3403572394754074,0.22222189833245554,0.010451082449147399,90.0,3105.0,4936.0,0.0
MA_46 MA_67,-0.4830698153346449,0.30912573861851156,0.010578614723456559,88.0,3114.0,4936.0,0.0
MA_46 MA_68,-0.46203719371419893,0.44486500353181846,0.010585331669890594,82.0,3117.0,4936.0,0.0
MA_46 MA_69,-0.40188837626328183,0.578141591924096,0.010607600731918215,78.0,3118.0,4936.0,0.0
MA_46 MA_70,-0.38569664650364294,0.9747170889900918,0.010609405041733072,80.0,3128.0,4936.0,0.0
MA_46 MA_71,-0.4258745206458594,0.8859730935896388,0.01061861671970597,78.0,3132.0,4936.0,0.0
MA_46 MA_72,-0.23276451778159826,0.790703807669795,0.010700494703395253,76.0,3136.0,4936.0,0.0
MA_46 MA_73,-0.2880723912141065,0.7811153454073718,0.010717883840641257,78.0,3141.0,4936.0,0.0
MA_46 MA_74,-0.3830428139776193,0.8746698364492329,0.010772144982771412,76.0,3149.0,4936.0,0.0
MA_46 MA_75,-0.37485991323056106,1.2543713626642417,0.010698340173048748,72.0,3156.0,4936.0,0.0
MA_46 MA_76,-0.29959645623975034,1.2863475224575334,0.010723533985215111,72.0,3163.0,4936.0,0.0
MA_46 MA_77,-0.2995964562397485,1.4620751064865471,0.010723533985215106,68.0,3166.0,4936.0,0.0
MA_46 MA_78,-0.34384620148505923,1.5497987270128246,0.010734722671592912,68.0,3172.0,4936.0,0.0
MA_46 MA_79,-0.3455999573309562,1.7569633904249757,0.01073468112971898,64.0,3170.0,4936.0,0.0
MA_46 MA_80,-0.32502485140624154,1.8735089847996935,0.010737434373876881,64.0,3171.0,4936.0,0.0
MA_46 MA_81,-0.3489015103893987,1.7393289242066774,0.010738786113843796,66.0,3169.0,4936.0,0.0
MA_46 MA_82,-0.3728133363257199,1.8370251105600888,0.010741902834433173,66.0,3168.0,4936.0,0.0
MA_46 MA_83,-0.3728133363257201,1.2877693003705777,0.010741902834433168,66.0,3167.0,4936.0,0.0
MA_46 MA_84,-0.398471184368583,1.1718616973704812,0.010745527490842122,68.0,3167.0,4936.0,0.0
MA_46 MA_85,-0.416190333440052,1.2887324249035195,0.010747161571948672,64.0,3165.0,4936.0,0.0
MA_46 MA_86,-0.48643860075756806,1.5749898563940463,0.010722103130760509,64.0,3161.0,4936.0,0.0
MA_46 MA_87,-0.45804694645071836,1.4306012154508267,0.010727595397114782,66.0,3153.0,4936.0,0.0
MA_46 MA_88,-0.45723199525487,1.161542638324966,0.010726816106255851,60.0,3153.0,4936.0,0.0
MA_46 MA_89,-0.40389343713209164,1.3541853561643422,0.010709886203925474,60.0,3147.0,4936.0,0.0
MA_46 MA_90,-0.323352953148182,1.025609681769292,0.010748608377542884,60.0,3141.0,4936.0,0.0
MA_46 MA_91,-0.37738889898429356,1.042116974130456,0.0107656840107971,58.0,3141.0,4936.0,0.0
MA_46 MA_92,-0.4930459354023231,1.0234338841713053,0.010810615169521465,58.0,3139.0,4936.0,0.0
MA_46 MA_93,-0.4930459354023229,1.055923902643357,0.010810615169521457,58.0,3144.0,4936.0,0.0
MA_46 MA_94,-0.505342169982415,1.02772592483874,0.0108113147112188,58.0,3147.0,4936.0,0.0
MA_46 MA_95,-0.4218587673835625,1.28946430926272,0.010789135596646513,58.0,3145.0,4936.0,0.0
MA_46 MA_96,-0.42185876738356315,1.4053300272136156,0.010789135596646512,54.0,3149.0,4936.0,0.0
MA_46 MA_97,-0.4218587673835625,1.5058974358743846,0.010789135596646513,52.0,3154.0,4936.0,0.0
MA_46 MA_98,-0.38232734106690625,1.6154681769857677,0.0107800749419392,52.0,3153.0,4936.0,0.0
MA_46 MA_99,-0.3554734810782273,1.6449970166261823,0.010784763681176637,48.0,3160.0,4936.0,0.0
MA_46 MA_100,-0.41493773588382427,1.8111677645155209,0.010762974577697329,44.0,3170.0,4936.0,0.0
MA_47 MA_57,-0.3171141230873143,0.7091920995311636,0.010429778567643724,142.0,3029.0,4936.0,0.0
MA_47 MA_58,-0.39470140305501067,0.3258705873243337,0.010464698977531193,128.0,3040.0,4936.0,0.0
MA_47 MA_59,-0.1301483274801227,0.23769119752228907,0.010402411540483335,122.0,3049.0,4936.0,0.0
MA_47 MA_60,-0.08807094105395451,0.09735572621871902,0.010352215457159555,114.0,3047.0,4936.0,0.0
MA_47 MA_61,-0.05467672433837532,0.11045741781702478,0.01036404637624748,112.0,3060.0,4936.0,0.0
MA_47 MA_62,-0.060293033759695566,0.171938338195468,0.01037044193564691,108.0,3060.0,4936.0,0.0
MA_47 MA_63,-0.15744710341393134,0.1397192005300767,0.010402380640998094,102.0,3068.0,4936.0,0.0
MA_47 MA_64,-0.18873805592380102,0.12139824394829724,0.010396954893669456,98.0,3073.0,4936.0,0.0
MA_47 MA_65,-0.2683059106131269,0.12416463363935404,0.010421640276141385,94.0,3085.0,4936.0,0.0
MA_47 MA_66,-0.2507758661704868,0.2554066928649559,0.010428312770113557,94.0,3103.0,4936.0,0.0
MA_47 MA_67,-0.3186074162386412,0.3920038138657316,0.010457732001549888,90.0,3113.0,4936.0,0.0
MA_47 MA_68,-0.46203719371419943,0.6172190124019288,0.010585331669890598,80.0,3117.0,4936.0,0.0
MA_47 MA_69,-0.4459691931542315,0.7485502531116124,0.010587185798014265,78.0,3114.0,4936.0,0.0
MA_47 MA_70,-0.2412671378724831,1.0161191884342955,0.010547254058784898,76.0,3111.0,4936.0,0.0
MA_47 MA_71,-0.14665848220130837,1.0561648964097285,0.010658714900287317,78.0,3124.0,4936.0,0.0
MA_47 MA_72,-0.14665848220130848,0.9439228940993027,0.010658714900287308,78.0,3126.0,4936.0,0.0
MA_47 MA_73,-0.3003749705160812,1.0388313490350072,0.010731250361459435,74.0,3134.0,4936.0,0.0
MA_47 MA_74,-0.37485991323055945,1.1841635825182197,0.010698340173048757,76.0,3140.0,4936.0,0.0
MA_47 MA_75,-0.3633302541102797,1.3586767034505596,0.01069929679436129,72.0,3151.0,4936.0,0.0
MA_47 MA_76,-0.30576632747057053,1.5268868001508302,0.010723242719615562,72.0,3157.0,4936.0,0.0
MA_47 MA_77,-0.35171465444842986,1.7069222538416642,0.010734376746300761,70.0,3162.0,4936.0,0.0
MA_47 MA_78,-0.3517146544484292,1.5767199308003756,0.010734376746300761,68.0,3166.0,4936.0,0.0
MA_47 MA_79,-0.331159524936055,1.889120297067679,0.010737136018370931,66.0,3168.0,4936.0,0.0
MA_47 MA_80,-0.31823358252550044,1.7830044422214084,0.010738276868620781,66.0,3169.0,4936.0,0.0
MA_47 MA_81,-0.3489015103893993,1.5199221577884057,0.010738786113843797,68.0,3173.0,4936.0,0.0
MA_47 MA_82,-0.3806248308163818,1.451040007295378,0.010741420622839894,68.0,3173.0,4936.0,0.0
MA_47 MA_83,-0.406245498569611,1.1359370322910864,0.010745035738317517,68.0,3176.0,4936.0,0.0
MA_47 MA_84,-0.4062454985696087,1.3514153387353804,0.010745035738317527,64.0,3174.0,4936.0,0.0
MA_47 MA_85,-0.34809262611157105,1.49690017246541,0.010711959522610568,64.0,3169.0,4936.0,0.0
MA_47 MA_86,-0.31903658119952893,1.309011336885646,0.010717264395419972,62.0,3166.0,4936.0,0.0
MA_47 MA_87,-0.4096231786921423,1.3083440374542032,0.01068819562406023,64.0,3155.0,4936.0,0.0
MA_47 MA_88,-0.48380369497424747,1.1045840374989786,0.010721972466125015,64.0,3154.0,4936.0,0.0
MA_47 MA_89,-0.4041991880544999,1.201910844259109,0.010760959530932465,64.0,3143.0,4936.0,0.0
MA_47 MA_90,-0.3726569960304297,1.2350816441305268,0.010755344169560832,60.0,3138.0,4936.0,0.0
MA_47 MA_91,-0.46220836492795,0.9000144079933396,0.010805166876918456,58.0,3138.0,4936.0,0.0
MA_47 MA_92,-0.4622083649279488,0.8549153796691815,0.010805166876918468,58.0,3139.0,4936.0,0.0
MA_47 MA_93,-0.47458269147748017,1.0060549616161216,0.010805886153613015,58.0,3145.0,4936.0,0.0
MA_47 MA_94,-0.34366227856481274,1.0261308738351702,0.010696770965751489,60.0,3140.0,4936.0,0.0
MA_47 MA_95,-0.3224785828830308,1.1189868435466224,0.010699665007447354,60.0,3151.0,4936.0,0.0
MA_47 MA_96,-0.26746444946517905,1.3945004689987317,0.010682334180361646,58.0,3149.0,4936.0,0.0
MA_47 MA_97,-0.23452251084965414,1.323888312820643,0.010672427032599198,52.0,3152.0,4936.0,0.0
MA_47 MA_98,-0.369435364103504,1.383800789343764,0.010782490713698996,52.0,3159.0,4936.0,0.0
MA_47 MA_99,-0.4287956806074567,1.576744124869553,0.010760657549076768,50.0,3154.0,4936.0,0.0
MA_47 MA_100,-0.28659253530029244,1.9021578328737547,0.010634977245094483,48.0,3161.0,4936.0,0.0
MA_48 MA_58,-0.16418504043946414,0.36120095634008975,0.010413615518212184,142.0,3040.0,4936.0,0.0
MA_48 MA_59,-0.19103013816743059,0.2690482935619465,0.010380455572982932,122.0,3041.0,4936.0,0.0
MA_48 MA_60,-0.008941573030082587,0.26779704439776975,0.010309291580711399,124.0,3042.0,4936.0,0.0
MA_48 MA_61,0.027980843979142304,0.08522894693934635,0.010319738997995737,116.0,3052.0,4936.0,0.0
MA_48 MA_62,-0.048387421876711044,0.053401182348238097,0.010340625931967627,116.0,3058.0,4936.0,0.0
MA_48 MA_63,-0.10722176005803323,0.07986392410991883,0.010388962236909792,108.0,3061.0,4936.0,0.0
MA_48 MA_64,-0.17098066855942878,0.07400433801771844,0.01040358126266325,104.0,3067.0,4936.0,0.0
MA_48 MA_65,-0.18503154763098717,0.12941696291281746,0.010404585036876735,100.0,3070.0,4936.0,0.0
MA_48 MA_66,-0.24626948170047044,0.3449895456104102,0.010428236646694759,96.0,3089.0,4936.0,0.0
MA_48 MA_67,-0.30194382434080597,0.482677680292783,0.010459493959002511,94.0,3108.0,4936.0,0.0
MA_48 MA_68,-0.15262893251825072,0.8888736072371226,0.010395834897485624,82.0,3112.0,4936.0,0.0
MA_48 MA_69,-0.303130620162372,0.9615788222208388,0.010525316442467516,80.0,3118.0,4936.0,0.0
MA_48 MA_70,-0.10438145357171225,0.9481111599878369,0.010649007949255032,78.0,3120.0,4936.0,0.0
MA_48 MA_71,-0.15302965067337684,0.8781247788921971,0.010658465926645497,78.0,3121.0,4936.0,0.0
MA_48 MA_72,-0.32660835646237457,0.9177458702780323,0.01068084589418613,76.0,3126.0,4936.0,0.0
MA_48 MA_73,-0.3809659520743197,1.0205497408396624,0.010698026563290814,78.0,3129.0,4936.0,0.0
MA_48 MA_74,-0.3694478135328108,1.1895091122977788,0.010698986570894745,74.0,3141.0,4936.0,0.0
MA_48 MA_75,-0.30576632747057175,1.8194676110110604,0.010723242719615564,74.0,3144.0,4936.0,0.0
MA_48 MA_76,-0.3517146544484314,2.010814159138176,0.010734376746300752,72.0,3155.0,4936.0,0.0
MA_48 MA_77,-0.3595602925737709,2.2395638208234456,0.010733902201476757,70.0,3158.0,4936.0,0.0
MA_48 MA_78,-0.31823358252550116,1.8703433125532958,0.01073827686862078,72.0,3159.0,4936.0,0.0
MA_48 MA_79,-0.3182335825254999,1.9827227409168242,0.010738276868620777,68.0,3162.0,4936.0,0.0
MA_48 MA_80,-0.3438785478847838,1.588532593705434,0.010739469162459086,70.0,3171.0,4936.0,0.0
MA_48 MA_81,-0.34387854788478334,1.4638207817252509,0.010739469162459079,68.0,3171.0,4936.0,0.0
MA_48 MA_82,-0.3678115666876322,1.5770410086230395,0.010742591423918759,68.0,3177.0,4936.0,0.0
MA_48 MA_83,-0.31712070066242465,1.3528829818247088,0.01071140265925264,68.0,3174.0,4936.0,0.0
MA_48 MA_84,-0.37517350431266044,1.336418395354173,0.010707251490848894,66.0,3167.0,4936.0,0.0
MA_48 MA_85,-0.3751735043126597,1.376422780442149,0.010707251490848895,66.0,3167.0,4936.0,0.0
MA_48 MA_86,-0.31417366074782693,1.2536782558356143,0.010706863090214389,66.0,3159.0,4936.0,0.0
MA_48 MA_87,-0.3897993301412806,1.277560371310893,0.01074092741896094,66.0,3152.0,4936.0,0.0
MA_48 MA_88,-0.4526326885137609,1.2338561995730535,0.01071645821722525,66.0,3145.0,4936.0,0.0
MA_48 MA_89,-0.23749650454012872,1.1100555918414492,0.010645014961834343,66.0,3141.0,4936.0,0.0
MA_48 MA_90,-0.3308459392097103,1.005630386359448,0.010695960770076056,62.0,3141.0,4936.0,0.0
MA_48 MA_91,-0.33084593920971,1.1358235830381314,0.010695960770076065,64.0,3137.0,4936.0,0.0
MA_48 MA_92,-0.3517395644346579,1.0692179954962864,0.01069627758273793,64.0,3139.0,4936.0,0.0
MA_48 MA_93,-0.2878835725218595,0.82815744915181,0.010720486698407231,60.0,3134.0,4936.0,0.0
MA_48 MA_94,-0.2665571193934109,0.9034310802703991,0.010723319693101504,60.0,3144.0,4936.0,0.0
MA_48 MA_95,-0.296597189404448,1.092252239531534,0.010692731134843439,60.0,3139.0,4936.0,0.0
MA_48 MA_96,-0.1431710279338387,1.3388517594139744,0.010683766500496855,58.0,3144.0,4936.0,0.0
MA_48 MA_97,-0.14317102793384007,1.4987230099788889,0.01068376650049685,56.0,3147.0,4936.0,0.0
MA_48 MA_98,-0.20503269135643865,1.6324850462147333,0.01066237157290151,52.0,3152.0,4936.0,0.0
MA_48 MA_99,-0.08414091928617451,1.9047386953762184,0.010540740547148325,52.0,3155.0,4936.0,0.0
MA_48 MA_100,-0.08414091928617444,1.9284980011585606,0.010540740547148333,50.0,3162.0,4936.0,0.0
MA_49 MA_59,0.0271499015782044,0.35207358423144575,0.010319837701393485,134.0,3032.0,4936.0,0.0
MA_49 MA_60,-0.018680123666131896,0.14443393047326936,0.010308827290312305,118.0,3045.0,4936.0,0.0
MA_49 MA_61,-0.034220864377472196,0.04769513922523427,0.010339578672361592,124.0,3042.0,4936.0,0.0
MA_49 MA_62,-0.05506404983513268,0.07356092675151338,0.010340397931081878,120.0,3047.0,4936.0,0.0
MA_49 MA_63,-0.004482384663849418,0.008749813890578384,0.010351722161368595,114.0,3060.0,4936.0,0.0
MA_49 MA_64,-0.17098066855942992,-0.08184801414781062,0.010403581262663265,108.0,3061.0,4936.0,0.0
MA_49 MA_65,-0.16333880378844481,-0.004993012257602736,0.010406161459560095,104.0,3075.0,4936.0,0.0
MA_49 MA_66,-0.16714488973645472,0.2690681082475552,0.01040884915398805,102.0,3088.0,4936.0,0.0
MA_49 MA_67,-0.07726856021230814,0.45070924438340043,0.010365611383216032,94.0,3094.0,4936.0,0.0
MA_49 MA_68,-0.012494456181686221,0.5370368475936962,0.010498508642252512,90.0,3105.0,4936.0,0.0
MA_49 MA_69,-0.17314989492053484,0.5788968244344717,0.010627394733762705,82.0,3115.0,4936.0,0.0
MA_49 MA_70,-0.34660983523493816,0.7017720607244988,0.01064968626028979,84.0,3118.0,4936.0,0.0
MA_49 MA_71,-0.28588061108990376,0.823958294877017,0.010671500237554954,80.0,3119.0,4936.0,0.0
MA_49 MA_72,-0.3149644921213668,1.0244916717468135,0.010681777289534834,78.0,3128.0,4936.0,0.0
MA_49 MA_73,-0.37729729332670464,1.1178620736701617,0.010698504249330228,80.0,3132.0,4936.0,0.0
MA_49 MA_74,-0.37904712538655483,1.6006764043217685,0.010698459865151236,78.0,3131.0,4936.0,0.0
MA_49 MA_75,-0.3595602925737702,1.8592969134321402,0.010733902201476759,72.0,3142.0,4936.0,0.0
MA_49 MA_76,-0.35956029257377015,1.978441117543765,0.01073390220147676,74.0,3149.0,4936.0,0.0
MA_49 MA_77,-0.3261211516784059,2.1946210670419886,0.01073781493471613,72.0,3158.0,4936.0,0.0
MA_49 MA_78,-0.3261211516784063,1.9549326326993706,0.010737814934716138,74.0,3159.0,4936.0,0.0
MA_49 MA_79,-0.3438785478847825,1.9140296658684033,0.010739469162459086,72.0,3162.0,4936.0,0.0
MA_49 MA_80,-0.3438785478847834,1.7366684194320237,0.010739469162459077,70.0,3168.0,4936.0,0.0
MA_49 MA_81,-0.3183115178949653,1.409044163229392,0.010703027101400347,68.0,3173.0,4936.0,0.0
MA_49 MA_82,-0.31831151789496415,1.2463473816617285,0.010703027101400343,68.0,3170.0,4936.0,0.0
MA_49 MA_83,-0.34433671466992094,1.3376579472561843,0.010706734059611884,68.0,3177.0,4936.0,0.0
MA_49 MA_84,-0.3303367371065195,1.4507231588155802,0.010702711493015795,66.0,3173.0,4936.0,0.0
MA_49 MA_85,-0.30117207861089007,1.2764473134950087,0.010707996244473519,66.0,3163.0,4936.0,0.0
MA_49 MA_86,-0.16285192288308062,1.3122275965181451,0.010596693064668027,64.0,3154.0,4936.0,0.0
MA_49 MA_87,-0.2550500331780647,1.3044135078357963,0.010630558920344257,64.0,3148.0,4936.0,0.0
MA_49 MA_88,-0.24576171692941842,1.1646846209026775,0.010644560037568952,64.0,3140.0,4936.0,0.0
MA_49 MA_89,-0.2457617169294179,1.0585838100544254,0.010644560037568947,64.0,3138.0,4936.0,0.0
MA_49 MA_90,-0.24972804277859958,0.9510831141840328,0.01067164029185945,60.0,3130.0,4936.0,0.0
MA_49 MA_91,-0.30499892325575717,0.9420776981034975,0.010689034617637998,60.0,3130.0,4936.0,0.0
MA_49 MA_92,-0.3178843646817258,1.2504358184793793,0.010689861113778848,60.0,3133.0,4936.0,0.0
MA_49 MA_93,-0.23222797896214115,0.8061483431110119,0.010716784303736194,60.0,3135.0,4936.0,0.0
MA_49 MA_94,-0.23222797896214137,0.9566085534559914,0.010716784303736184,58.0,3138.0,4936.0,0.0
MA_49 MA_95,-0.13852518068515762,1.41056959229971,0.010683664032791305,56.0,3134.0,4936.0,0.0
MA_49 MA_96,-0.14660778418687173,1.4179335294941806,0.010646291657606565,56.0,3137.0,4936.0,0.0
MA_49 MA_97,-0.05036782704460964,1.2697655261840732,0.010696255319506288,56.0,3143.0,4936.0,0.0
MA_49 MA_98,-0.05036782704460959,1.4937035772353955,0.010696255319506298,54.0,3146.0,4936.0,0.0
MA_49 MA_99,0.18556980343043658,1.7867516537504624,0.01053662297480922,52.0,3156.0,4936.0,0.0
MA_49 MA_100,0.1855698034304366,1.8167919710271105,0.010536622974809218,52.0,3164.0,4936.0,0.0
MA_50 MA_60,-0.010431755435554446,0.18063613736954376,0.010358533811285668,134.0,3035.0,4936.0,0.0
MA_50 MA_61,-0.0409132760512262,0.07524679893025055,0.010339354558343361,128.0,3045.0,4936.0,0.0
MA_50 MA_62,-0.03689649016541316,0.07734834584975991,0.010346958308629813,122.0,3048.0,4936.0,0.0
MA_50 MA_63,-0.008380351209478937,0.11731036453521204,0.010351236879683949,122.0,3054.0,4936.0,0.0
MA_50 MA_64,-0.09710706607141499,-0.034670397466517455,0.010383643356964801,110.0,3066.0,4936.0,0.0
MA_50 MA_65,-0.10013970806491673,0.04831680488415402,0.010384831148357388,108.0,3068.0,4936.0,0.0
MA_50 MA_66,0.040846936525724804,0.24143341752640168,0.01048730342101701,108.0,3080.0,4936.0,0.0
MA_50 MA_67,-0.01577068462647521,0.44075376666861144,0.010435648937426786,100.0,3092.0,4936.0,0.0
MA_50 MA_68,-0.09811196841166954,0.410726740705486,0.010465625936046481,100.0,3104.0,4936.0,0.0
MA_50 MA_69,-0.3466098352349383,0.6024658723849108,0.010649686260289785,94.0,3117.0,4936.0,0.0
MA_50 MA_70,-0.3466098352349373,0.8149454913866085,0.010649686260289795,86.0,3118.0,4936.0,0.0
MA_50 MA_71,-0.28214476750147516,0.8823064228911688,0.010671962407848762,82.0,3124.0,4936.0,0.0
MA_50 MA_72,-0.32467006204374166,1.078625102797571,0.01068127489049679,80.0,3120.0,4936.0,0.0
MA_50 MA_73,-0.3688804911622838,1.2848988701157218,0.010692457666990654,78.0,3130.0,4936.0,0.0
MA_50 MA_74,-0.42270268422301477,1.5710313979360908,0.010709508682334225,82.0,3134.0,4936.0,0.0
MA_50 MA_75,-0.3865326294254478,1.9468155267525713,0.010729188144989153,78.0,3133.0,4936.0,0.0
MA_50 MA_76,-0.3660840473004647,2.089803013457425,0.010731982642338433,76.0,3144.0,4936.0,0.0
MA_50 MA_77,-0.35322723756014285,1.9361902502553585,0.01073314532510335,76.0,3148.0,4936.0,0.0
MA_50 MA_78,-0.3709035472317134,1.6934213073027542,0.010734777460025284,74.0,3153.0,4936.0,0.0
MA_50 MA_79,-0.29405830304943015,1.5121040074001248,0.010699834931824954,74.0,3162.0,4936.0,0.0
MA_50 MA_80,-0.3714750492729059,1.5670639143288714,0.0107194346901623,72.0,3161.0,4936.0,0.0
MA_50 MA_81,-0.3714750492729053,1.5236043879416359,0.0107194346901623,72.0,3172.0,4936.0,0.0
MA_50 MA_82,-0.36549189072603944,1.3568943691166315,0.010717421351866156,66.0,3175.0,4936.0,0.0
MA_50 MA_83,-0.174228230856872,1.5091542323051894,0.010589689569560386,66.0,3169.0,4936.0,0.0
MA_50 MA_84,-0.19297636880118604,1.140790344868091,0.010591542887827739,66.0,3170.0,4936.0,0.0
MA_50 MA_85,-0.1628519228830813,0.871644610017384,0.010596693064668027,66.0,3170.0,4936.0,0.0
MA_50 MA_86,-0.2500913252095791,0.8926164084814869,0.010631206056500659,66.0,3158.0,4936.0,0.0
MA_50 MA_87,-0.22863787798097435,1.1665475176646631,0.010623495270107091,64.0,3142.0,4936.0,0.0
MA_50 MA_88,-0.15440491663637712,1.1832130881371068,0.01062021665201492,62.0,3142.0,4936.0,0.0
MA_50 MA_89,-0.2497280427785989,1.1037435681884085,0.01067164029185945,62.0,3135.0,4936.0,0.0
MA_50 MA_90,-0.24516216115207992,0.8871073733762833,0.010671559729757942,62.0,3132.0,4936.0,0.0
MA_50 MA_91,-0.26092249608513424,0.869895342338042,0.010674123762490417,60.0,3129.0,4936.0,0.0
MA_50 MA_92,-0.26092249608513335,0.8961314531807294,0.010674123762490427,60.0,3130.0,4936.0,0.0
MA_50 MA_93,-0.23940521667722714,0.8105447834873998,0.010676941243141492,60.0,3130.0,4936.0,0.0
MA_50 MA_94,-0.17442511230905372,1.0568240828051976,0.0107008605976322,58.0,3127.0,4936.0,0.0
MA_50 MA_95,-0.08414725979783443,1.2455258493618495,0.010667558070283047,58.0,3136.0,4936.0,0.0
MA_50 MA_96,-0.008152715255659951,1.1904200986386337,0.010686720724976532,58.0,3137.0,4936.0,0.0
MA_50 MA_97,-0.10311193197696489,1.2384538769639226,0.010638781065946646,56.0,3143.0,4936.0,0.0
MA_50 MA_98,0.03408623074419297,1.4705707960658456,0.010511346871421814,56.0,3146.0,4936.0,0.0
MA_50 MA_99,0.11149809348888176,1.6730919717180157,0.010480865709848233,52.0,3153.0,4936.0,0.0
MA_50 MA_100,0.11149809348888291,1.62751032600436,0.01048086570984825,52.0,3165.0,4936.0,0.0
MA_51 MA_61,0.019140040662454436,0.13605898339097533,0.01035841352584639,136.0,3039.0,4936.0,0.0
MA_51 MA_62,-0.05467130303318758,-0.022288765073589123,0.010347027001597803,136.0,3042.0,4936.0,0.0
MA_51 MA_63,0.07503238551984004,0.01056293678153919,0.010330876941908162,122.0,3053.0,4936.0,0.0
MA_51 MA_64,-0.10557793115211492,0.11178352294325555,0.010383250233723391,120.0,3058.0,4936.0,0.0
MA_51 MA_65,-0.0388325584199697,0.3840985762339919,0.01045479849988371,110.0,3074.0,4936.0,0.0
MA_51 MA_66,0.05311710099407558,0.5192081094820846,0.010411260147837671,108.0,3077.0,4936.0,0.0
MA_51 MA_67,-0.11943503618830688,0.48535284511078935,0.01049260905627079,110.0,3081.0,4936.0,0.0
MA_51 MA_68,-0.19964511946608107,0.5691704070476238,0.010522065296009442,106.0,3100.0,4936.0,0.0
MA_51 MA_69,-0.3483776106906557,0.7573671649215412,0.010649644385200632,98.0,3101.0,4936.0,0.0
MA_51 MA_70,-0.3446714527042549,0.8611436806491783,0.010650118239446183,86.0,3113.0,4936.0,0.0
MA_51 MA_71,-0.2839283798219581,0.8952527426005183,0.010671925908710002,84.0,3120.0,4936.0,0.0
MA_51 MA_72,-0.3959245742412047,1.1052573925503988,0.010687715124641587,82.0,3133.0,4936.0,0.0
MA_51 MA_73,-0.3959245742412061,1.522328042479422,0.010687715124641586,80.0,3134.0,4936.0,0.0
MA_51 MA_74,-0.42918157539408414,1.6909319849271989,0.010707565360421185,80.0,3138.0,4936.0,0.0
MA_51 MA_75,-0.4291815753940839,1.793658071780969,0.01070756536042119,82.0,3133.0,4936.0,0.0
MA_51 MA_76,-0.36608404730046523,1.563540598972359,0.010731982642338435,80.0,3131.0,4936.0,0.0
MA_51 MA_77,-0.23540667424338385,1.744869441813873,0.010624218345174208,82.0,3144.0,4936.0,0.0
MA_51 MA_78,-0.15537529051211624,1.6661121057114707,0.010588398001884249,74.0,3152.0,4936.0,0.0
MA_51 MA_79,-0.18053019436723128,1.6630288657540495,0.010591782965872645,74.0,3156.0,4936.0,0.0
MA_51 MA_80,-0.2357927363306433,1.86672258500337,0.010608715950120562,72.0,3163.0,4936.0,0.0
MA_51 MA_81,-0.2295715066880268,1.6991409406079918,0.010606641562611919,74.0,3169.0,4936.0,0.0
MA_51 MA_82,-0.22957150668802673,1.3972920265320243,0.010606641562611922,68.0,3176.0,4936.0,0.0
MA_51 MA_83,-0.19297636880118746,1.342538100637348,0.010591542887827734,66.0,3174.0,4936.0,0.0
MA_51 MA_84,-0.16613591837707617,1.052394956271376,0.01058437733402158,66.0,3168.0,4936.0,0.0
MA_51 MA_85,-0.1358658198649146,1.1443062179652475,0.010589495127401287,66.0,3165.0,4936.0,0.0
MA_51 MA_86,-0.22863787798097282,1.2571354114437945,0.010623495270107102,66.0,3158.0,4936.0,0.0
MA_51 MA_87,-0.2064173922995647,1.1997968836020951,0.010637851073586979,64.0,3147.0,4936.0,0.0
MA_51 MA_88,-0.09515056245508215,0.9871447466129579,0.010603938113679429,64.0,3137.0,4936.0,0.0
MA_51 MA_89,-0.19187454026568898,1.074955341082997,0.010655692841562689,62.0,3129.0,4936.0,0.0
MA_51 MA_90,-0.20506738687629877,0.9782173620251209,0.010656590137148755,62.0,3130.0,4936.0,0.0
MA_51 MA_91,-0.25749238352418674,0.9894030863562975,0.01059854737642672,62.0,3125.0,4936.0,0.0
MA_51 MA_92,-0.29160884019698274,0.8071360561699465,0.01061892898683901,62.0,3125.0,4936.0,0.0
MA_51 MA_93,-0.2916088401969837,1.1362083462071446,0.010618928986838999,58.0,3126.0,4936.0,0.0
MA_51 MA_94,-0.17909427413702686,1.0884447484100872,0.010619535404038892,58.0,3132.0,4936.0,0.0
MA_51 MA_95,-0.19928163704399765,1.0929702867268833,0.010588327713913492,58.0,3128.0,4936.0,0.0
MA_51 MA_96,-0.1307655359720891,1.2561209941211127,0.01063456272375966,60.0,3139.0,4936.0,0.0
MA_51 MA_97,-0.14933133958744543,1.2414074988345356,0.010636393565061422,56.0,3146.0,4936.0,0.0
MA_51 MA_98,0.005504424981432516,1.2641829939627387,0.01050724162497386,58.0,3153.0,4936.0,0.0
MA_51 MA_99,0.2302040721601024,1.5113150001204194,0.010517786246356124,56.0,3156.0,4936.0,0.0
MA_51 MA_100,0.2302040721601024,1.7182009131420495,0.010517786246356124,50.0,3167.0,4936.0,0.0
MA_52 MA_62,-0.0017287209291629365,0.04538407548953671,0.010322416008515198,136.0,3039.0,4936.0,0.0
MA_52 MA_63,0.04505268465369731,0.06303130596068929,0.010326534912736928,130.0,3039.0,4936.0,0.0
MA_52 MA_64,-0.0733902488043783,0.225269992373603,0.010448807988738493,122.0,3053.0,4936.0,0.0
MA_52 MA_65,-0.07641832617240396,0.4102935019135545,0.010449991336950255,120.0,3061.0,4936.0,0.0
MA_52 MA_66,-0.05233269826058688,0.4833503828417638,0.010468649158517421,114.0,3074.0,4936.0,0.0
MA_52 MA_67,-0.12130078344971158,0.6511374041982765,0.010492585559499237,110.0,3086.0,4936.0,0.0
MA_52 MA_68,-0.18940608157579375,0.8243764436522529,0.010522910605418836,112.0,3087.0,4936.0,0.0
MA_52 MA_69,-0.344671452704256,0.746635893024407,0.010650118239446173,102.0,3104.0,4936.0,0.0
MA_52 MA_70,-0.34467145270425587,1.2041082177544928,0.010650118239446177,94.0,3118.0,4936.0,0.0
MA_52 MA_71,-0.3557833495796723,1.3348427770746412,0.010678509983529984,84.0,3118.0,4936.0,0.0
MA_52 MA_72,-0.39592457424120464,1.4445392372617398,0.010687715124641589,88.0,3128.0,4936.0,0.0
MA_52 MA_73,-0.3754224009235399,1.4495237436588244,0.01069052821214788,86.0,3131.0,4936.0,0.0
MA_52 MA_74,-0.29537409716156826,1.431838486979716,0.01059710370052625,78.0,3143.0,4936.0,0.0
MA_52 MA_75,-0.31348161249049583,1.5135109235432531,0.010598809404331474,84.0,3144.0,4936.0,0.0
MA_52 MA_76,-0.16884854340951697,1.5752327970436948,0.010587341472199627,84.0,3133.0,4936.0,0.0
MA_52 MA_77,-0.16884854340951913,1.315807607850652,0.010587341472199616,82.0,3133.0,4936.0,0.0
MA_52 MA_78,-0.14518288612484692,1.4148348702972604,0.010585025322405272,80.0,3140.0,4936.0,0.0
MA_52 MA_79,-0.11145854152186171,1.5279031932015168,0.010578915519666074,84.0,3154.0,4936.0,0.0
MA_52 MA_80,-0.19460221540326356,1.598038201102208,0.010599970947699083,74.0,3157.0,4936.0,0.0
MA_52 MA_81,-0.19460221540326272,1.4420924647780393,0.010599970947699091,74.0,3169.0,4936.0,0.0
MA_52 MA_82,-0.22159693505096723,1.2164212078647618,0.010601358016984657,72.0,3166.0,4936.0,0.0
MA_52 MA_83,-0.16613591837707486,1.4007539571172218,0.010584377334021578,66.0,3171.0,4936.0,0.0
MA_52 MA_84,-0.13586581986491453,1.1902216718789966,0.010589495127401293,66.0,3170.0,4936.0,0.0
MA_52 MA_85,-0.08988489290787065,1.2831103653857916,0.010572108471352612,66.0,3163.0,4936.0,0.0
MA_52 MA_86,-0.23587885672844797,1.1226756778886684,0.010583302632210885,66.0,3158.0,4936.0,0.0
MA_52 MA_87,-0.1525355165584916,1.248533236410748,0.010621837751023835,66.0,3146.0,4936.0,0.0
MA_52 MA_88,-0.1506306887065122,1.3017955821482396,0.010646379868030754,66.0,3138.0,4936.0,0.0
MA_52 MA_89,-0.244348191857354,1.088483373178895,0.010597675749226546,60.0,3132.0,4936.0,0.0
MA_52 MA_90,-0.2574923835241847,1.1319842158520985,0.010598547376426723,60.0,3126.0,4936.0,0.0
MA_52 MA_91,-0.25749238352418596,1.1138990813605072,0.010598547376426725,62.0,3129.0,4936.0,0.0
MA_52 MA_92,-0.3185150861099043,1.2626410330815285,0.010614473089017746,58.0,3120.0,4936.0,0.0
MA_52 MA_93,-0.26253803951617105,1.0285345819200562,0.010632818164529254,58.0,3126.0,4936.0,0.0
MA_52 MA_94,-0.2210130457808388,1.1158062010847893,0.010623265177238701,58.0,3127.0,4936.0,0.0
MA_52 MA_95,-0.08817338708201856,1.0536402258044095,0.010624763235680346,60.0,3127.0,4936.0,0.0
MA_52 MA_96,-0.024913220666244993,1.197983667763487,0.01059058293494646,60.0,3142.0,4936.0,0.0
MA_52 MA_97,-0.024913220666243668,1.1874179499365538,0.01059058293494646,58.0,3150.0,4936.0,0.0
MA_52 MA_98,0.23835449847244916,1.2992191672138724,0.01051131060068068,54.0,3151.0,4936.0,0.0
MA_52 MA_99,0.32681490570763305,1.5044930131487315,0.010480599893378618,56.0,3152.0,4936.0,0.0
MA_52 MA_100,0.32681490570763055,1.6059853424380237,0.01048059989337861,48.0,3163.0,4936.0,0.0
MA_53 MA_63,0.2646981928982949,0.1951936202482627,0.010279216575192806,138.0,3047.0,4936.0,0.0
MA_53 MA_64,0.07676010815893262,0.4029325335553846,0.010333205784193143,132.0,3052.0,4936.0,0.0
MA_53 MA_65,-0.033077601884597324,0.45339104992727663,0.010392320518633525,128.0,3058.0,4936.0,0.0
MA_53 MA_66,0.066318505539143,0.4901358291174971,0.01034882361535697,128.0,3066.0,4936.0,0.0
MA_53 MA_67,-0.10903343188666492,0.4586713201345256,0.010493420447843993,120.0,3081.0,4936.0,0.0
MA_53 MA_68,-0.18940608157579303,0.828224806124336,0.01052291060541884,114.0,3098.0,4936.0,0.0
MA_53 MA_69,-0.38884030583782314,0.9094301195487524,0.010661293564643032,110.0,3114.0,4936.0,0.0
MA_53 MA_70,-0.41588330382608446,1.1957504577275402,0.010656512783860306,106.0,3120.0,4936.0,0.0
MA_53 MA_71,-0.3557833495796715,1.5981140554590723,0.010678509983529988,90.0,3130.0,4936.0,0.0
MA_53 MA_72,-0.2394905947348778,1.4670593492848045,0.010579526439039224,86.0,3129.0,4936.0,0.0
MA_53 MA_73,-0.2394905947348764,1.6544697394743255,0.010579526439039226,84.0,3137.0,4936.0,0.0
MA_53 MA_74,-0.23460255537797667,1.5035860257565306,0.010563186675817328,82.0,3133.0,4936.0,0.0
MA_53 MA_75,-0.19951766370384036,1.4535831772420993,0.01055649506113033,80.0,3139.0,4936.0,0.0
MA_53 MA_76,-0.15868278036773553,1.6279241285400659,0.01058397451119451,80.0,3138.0,4936.0,0.0
MA_53 MA_77,-0.15868278036773542,1.3901545611214403,0.010583974511194517,78.0,3126.0,4936.0,0.0
MA_53 MA_78,-0.11145854152186296,1.4994485093267858,0.01057891551966608,82.0,3127.0,4936.0,0.0
MA_53 MA_79,-0.08392752664837347,1.62533109976366,0.010566658724564111,80.0,3140.0,4936.0,0.0
MA_53 MA_80,-0.08392752664837365,1.3972557834904449,0.010566658724564089,76.0,3151.0,4936.0,0.0
MA_53 MA_81,-0.11153605359412433,1.3308806578205403,0.01056818321714711,74.0,3162.0,4936.0,0.0
MA_53 MA_82,-0.11153605359412438,1.0712205447930212,0.010568183217147104,72.0,3162.0,4936.0,0.0
MA_53 MA_83,-0.07621870273290568,1.1073414541448408,0.010573119869903384,70.0,3159.0,4936.0,0.0
MA_53 MA_84,-0.08988489290786998,1.1497897086529463,0.010572108471352612,68.0,3160.0,4936.0,0.0
MA_53 MA_85,-0.17026661242147595,1.1144214127680865,0.010607416649668635,68.0,3160.0,4936.0,0.0
MA_53 MA_86,-0.12865648238161415,1.2199075579965672,0.010598019800275733,68.0,3153.0,4936.0,0.0
MA_53 MA_87,-0.14821593215113502,1.4833000962074543,0.010545860271181953,68.0,3145.0,4936.0,0.0
MA_53 MA_88,-0.24434819185735351,1.1221845043264271,0.01059767574922654,66.0,3139.0,4936.0,0.0
MA_53 MA_89,-0.28459738887993136,1.2595539663984234,0.010594125763310333,62.0,3132.0,4936.0,0.0
MA_53 MA_90,-0.2430937654215079,1.1253351585072973,0.01058457811780588,62.0,3130.0,4936.0,0.0
MA_53 MA_91,-0.22132407119964748,1.2688481347048968,0.010587399755753629,64.0,3119.0,4936.0,0.0
MA_53 MA_92,-0.27736993688031564,1.2789192421345903,0.010605009842764839,62.0,3119.0,4936.0,0.0
MA_53 MA_93,-0.14097619285276258,1.170607265078213,0.010587614758130949,58.0,3125.0,4936.0,0.0
MA_53 MA_94,0.014419898166460342,1.3826741360684416,0.010619683763104085,60.0,3125.0,4936.0,0.0
MA_53 MA_95,-0.005848610271253626,1.1873040112981537,0.010588643013017752,60.0,3136.0,4936.0,0.0
MA_53 MA_96,-0.07308830684431206,1.0473181114451258,0.010579747124814123,58.0,3136.0,4936.0,0.0
MA_53 MA_97,0.18796759644777175,1.4758316524855126,0.01050091710247383,56.0,3146.0,4936.0,0.0
MA_53 MA_98,0.187967596447773,1.4163784093191678,0.010500917102473837,54.0,3155.0,4936.0,0.0
MA_53 MA_99,0.16408392990971069,1.3980796417749684,0.010407200525056361,52.0,3154.0,4936.0,0.0
MA_53 MA_100,0.19835422412920278,1.404789443433224,0.010412580162283079,50.0,3162.0,4936.0,0.0
MA_54 MA_64,0.005131384268838831,0.2753060430442824,0.010383984956301894,140.0,3055.0,4936.0,0.0
MA_54 MA_65,0.002035751425300579,0.44236387138598543,0.01038518573444559,132.0,3057.0,4936.0,0.0
MA_54 MA_66,0.04687623072786097,0.5994665368814065,0.010366978890951797,132.0,3070.0,4936.0,0.0
MA_54 MA_67,0.020814090245906657,0.8806944729172042,0.010383447297957381,132.0,3087.0,4936.0,0.0
MA_54 MA_68,-0.23551841818855782,0.784034572269884,0.010534552672739814,116.0,3107.0,4936.0,0.0
MA_54 MA_69,-0.38884030583782525,0.9794519376732533,0.01066129356464303,114.0,3115.0,4936.0,0.0
MA_54 MA_70,-0.3183840396183003,1.0690754379795768,0.010624243611217577,110.0,3124.0,4936.0,0.0
MA_54 MA_71,-0.11653172425781314,1.6350512698556132,0.010533772803644221,96.0,3131.0,4936.0,0.0
MA_54 MA_72,-0.1591792024311621,1.568232318281174,0.010543565500465072,80.0,3134.0,4936.0,0.0
MA_54 MA_73,-0.142309386483885,1.585220034072195,0.010538601151664485,82.0,3138.0,4936.0,0.0
MA_54 MA_74,-0.19951766370384025,1.5103247011076752,0.010556495061130338,84.0,3139.0,4936.0,0.0
MA_54 MA_75,-0.22454794703824835,1.6684012576610505,0.010559841623295242,84.0,3138.0,4936.0,0.0
MA_54 MA_76,-0.06995928627561478,1.7312192529252415,0.0105615811728426,84.0,3130.0,4936.0,0.0
MA_54 MA_77,-0.09758531471857801,1.3712453853865405,0.010565642231049995,78.0,3130.0,4936.0,0.0
MA_54 MA_78,-0.083927526648373,1.5522361688183723,0.010566658724564087,78.0,3133.0,4936.0,0.0
MA_54 MA_79,-0.05006874634527996,1.4275317244236132,0.010556681031251245,82.0,3133.0,4936.0,0.0
MA_54 MA_80,-0.06929634310469827,1.5134860340533134,0.010558642748809348,78.0,3146.0,4936.0,0.0
MA_54 MA_81,-0.06929634310469765,1.495811439682695,0.010558642748809341,78.0,3150.0,4936.0,0.0
MA_54 MA_82,-0.03371535008632726,1.323112994212961,0.010563519796958205,70.0,3160.0,4936.0,0.0
MA_54 MA_83,-0.03371535008632989,1.4365117422222995,0.010563519796958213,68.0,3157.0,4936.0,0.0
MA_54 MA_84,-0.11510924715907578,1.4327413057124496,0.01059905161450361,64.0,3156.0,4936.0,0.0
MA_54 MA_85,-0.22306530339769629,1.4569851265482274,0.010549185945490503,64.0,3153.0,4936.0,0.0
MA_54 MA_86,-0.23273668861215796,1.6715577057109217,0.010559355637894709,66.0,3152.0,4936.0,0.0
MA_54 MA_87,-0.23273668861215782,1.7810116997583507,0.010559355637894716,64.0,3143.0,4936.0,0.0
MA_54 MA_88,-0.2298976244060652,1.5652403532983308,0.010583696526311318,62.0,3133.0,4936.0,0.0
MA_54 MA_89,-0.16313553457948135,1.3576538052753664,0.01054887402343757,62.0,3134.0,4936.0,0.0
MA_54 MA_90,-0.14101175996524137,1.0842560337188893,0.010551626577418026,62.0,3129.0,4936.0,0.0
MA_54 MA_91,-0.1410117599652425,1.3629512982204957,0.01055162657741804,58.0,3119.0,4936.0,0.0
MA_54 MA_92,-0.18548545551471698,1.4444188665256283,0.010576599425886877,58.0,3120.0,4936.0,0.0
MA_54 MA_93,-0.18835769308403577,1.3219717870299168,0.010576537723888222,58.0,3120.0,4936.0,0.0
MA_54 MA_94,-0.03389726328588888,1.3421163656462247,0.010608957217208604,58.0,3130.0,4936.0,0.0
MA_54 MA_95,-0.07308830684431204,1.1139310931123854,0.010579747124814127,60.0,3131.0,4936.0,0.0
MA_54 MA_96,-0.1823628940796797,1.030792671149026,0.010515663994288665,58.0,3137.0,4936.0,0.0
MA_54 MA_97,-0.0837589514464773,1.0973000557629171,0.010567999093552745,54.0,3150.0,4936.0,0.0
MA_54 MA_98,0.047668757857150974,1.2293658155043405,0.010431107795532116,52.0,3151.0,4936.0,0.0
MA_54 MA_99,0.15999247600736707,1.4579316058488607,0.010405783977739932,52.0,3154.0,4936.0,0.0
MA_54 MA_100,0.17929277386976322,1.5561383772006119,0.010403808407060122,54.0,3154.0,4936.0,0.0
MA_55 MA_65,0.07232788975206565,0.615350521617577,0.010369024338861568,140.0,3067.0,4936.0,0.0
MA_55 MA_66,0.01151415027756583,0.886443883398901,0.010393919343705385,138.0,3068.0,4936.0,0.0
MA_55 MA_67,0.07854740987976794,0.9426969137042043,0.01036648889677532,132.0,3084.0,4936.0,0.0
MA_55 MA_68,-0.12409671574880032,1.0423426098636441,0.010514255917842278,122.0,3104.0,4936.0,0.0
MA_55 MA_69,-0.29083039394577714,0.8090121050681762,0.010628911842249103,116.0,3110.0,4936.0,0.0
MA_55 MA_70,-0.31838403961829925,1.1629505043248978,0.010624243611217568,108.0,3114.0,4936.0,0.0
MA_55 MA_71,-0.13534701840516386,1.7676865559079737,0.010535637942397145,98.0,3129.0,4936.0,0.0
MA_55 MA_72,-0.10841489216713243,1.555384427735894,0.010532459238541994,86.0,3130.0,4936.0,0.0
MA_55 MA_73,-0.1084148921671325,1.4635580712466845,0.010532459238541987,80.0,3134.0,4936.0,0.0
MA_55 MA_74,-0.13675125895310394,1.2619792822662608,0.010537652888498254,82.0,3142.0,4936.0,0.0
MA_55 MA_75,-0.13675125895310186,1.619385105229063,0.01053765288849826,82.0,3137.0,4936.0,0.0
MA_55 MA_76,-0.09758531471857675,1.6240958480744103,0.010565642231049988,86.0,3133.0,4936.0,0.0
MA_55 MA_77,-0.0638137786448949,1.5828809202574003,0.010555683360950613,82.0,3127.0,4936.0,0.0
MA_55 MA_78,-0.06929634310469898,1.827544522760859,0.010558642748809341,82.0,3130.0,4936.0,0.0
MA_55 MA_79,-0.0692963431046984,1.7398407379653533,0.010558642748809329,80.0,3140.0,4936.0,0.0
MA_55 MA_80,-0.09730820815268058,1.6850702015669907,0.010554433778860263,78.0,3136.0,4936.0,0.0
MA_55 MA_81,-0.11861629009629744,1.5637286939355683,0.01057663187168404,78.0,3151.0,4936.0,0.0
MA_55 MA_82,-0.06186617690449966,1.5263319025679558,0.01055935506140381,68.0,3158.0,4936.0,0.0
MA_55 MA_83,-0.1428173976096908,1.496451662919934,0.010594803505972514,68.0,3155.0,4936.0,0.0
MA_55 MA_84,-0.2504489399738188,1.249659364532473,0.01054478740448128,70.0,3156.0,4936.0,0.0
MA_55 MA_85,-0.16694119488822287,1.4796028822489262,0.010583513483536729,64.0,3157.0,4936.0,0.0
MA_55 MA_86,-0.16694119488822146,1.6968056610296811,0.010583513483536734,64.0,3156.0,4936.0,0.0
MA_55 MA_87,-0.20677729432363445,1.6098507580181982,0.010565800720472272,64.0,3144.0,4936.0,0.0
MA_55 MA_88,-0.1497044334944686,1.673260856672369,0.010547941532962738,64.0,3142.0,4936.0,0.0
MA_55 MA_89,-0.16313553457948143,1.6325187220621307,0.010548874023437564,64.0,3136.0,4936.0,0.0
MA_55 MA_90,-0.18855929968634355,1.4208469576335538,0.010540512645987389,64.0,3128.0,4936.0,0.0
MA_55 MA_91,-0.1885592996863436,1.4740282810181178,0.010540512645987387,58.0,3123.0,4936.0,0.0
MA_55 MA_92,-0.18835769308403572,1.2770567697636666,0.010576537723888224,58.0,3123.0,4936.0,0.0
MA_55 MA_93,-0.20049750652637108,1.2335198850275937,0.010563113620583245,60.0,3127.0,4936.0,0.0
MA_55 MA_94,-0.1793824868855971,1.1729633566663549,0.010538005188198484,60.0,3124.0,4936.0,0.0
MA_55 MA_95,-0.15561362825709163,1.019678645142121,0.010530090365158668,60.0,3134.0,4936.0,0.0
MA_55 MA_96,-0.12004449900570716,0.9627233855708923,0.010560878718941683,56.0,3137.0,4936.0,0.0
MA_55 MA_97,-0.10192729643443371,1.1185271465799471,0.010559144859179193,56.0,3144.0,4936.0,0.0
MA_55 MA_98,0.06655789436841462,1.1814083901791101,0.01042922158160797,58.0,3148.0,4936.0,0.0
MA_55 MA_99,0.10027522626180652,1.4493505000408713,0.010434720283396188,54.0,3154.0,4936.0,0.0
MA_55 MA_100,-0.00426871910335371,1.5292899951731584,0.010469429719085873,54.0,3155.0,4936.0,0.0
MA_56 MA_66,0.006517451432405951,0.787767121171316,0.010396288698180739,142.0,3069.0,4936.0,0.0
MA_56 MA_67,0.21864105813144782,0.9844122298140556,0.010318536958993934,138.0,3084.0,4936.0,0.0
MA_56 MA_68,0.001921353835721788,1.1691877989715365,0.010467897841099263,120.0,3090.0,4936.0,0.0
MA_56 MA_69,-0.21518776254645047,1.0810808296147218,0.010605610485189527,120.0,3110.0,4936.0,0.0
MA_56 MA_70,-0.3039744148873458,1.062328410308245,0.01062012624351569,114.0,3126.0,4936.0,0.0
MA_56 MA_71,-0.10139884388179338,1.5565718751089945,0.010529483984718362,104.0,3130.0,4936.0,0.0
MA_56 MA_72,-0.13392246166285285,1.567591146342767,0.010535914971452237,86.0,3123.0,4936.0,0.0
MA_56 MA_73,-0.07871439884269345,1.3779312043109435,0.010519567132604721,84.0,3130.0,4936.0,0.0
MA_56 MA_74,-0.13675125895310114,1.2500115561910303,0.010537652888498266,88.0,3131.0,4936.0,0.0
MA_56 MA_75,-0.1306980736948001,1.8963073542801432,0.010531759304419285,84.0,3136.0,4936.0,0.0
MA_56 MA_76,-0.06381377864489561,1.6684006639801483,0.010555683360950606,82.0,3134.0,4936.0,0.0
MA_56 MA_77,-0.11095278478806046,1.6434994211632912,0.010553408333654146,84.0,3121.0,4936.0,0.0
MA_56 MA_78,-0.09730820815268126,1.7161238894390394,0.010554433778860263,84.0,3131.0,4936.0,0.0
MA_56 MA_79,-0.06186617690450165,1.3323976291079105,0.01055935506140381,84.0,3130.0,4936.0,0.0
MA_56 MA_80,-0.06186617690449968,1.3356589244698673,0.010559355061403807,80.0,3137.0,4936.0,0.0
MA_56 MA_81,0.021435792813510376,1.5342093814070625,0.010522915602251125,76.0,3141.0,4936.0,0.0
MA_56 MA_82,-0.15673102139086934,1.5299368851220385,0.01051003602683079,74.0,3156.0,4936.0,0.0
MA_56 MA_83,-0.15673102139086809,1.3406038686074933,0.010510036026830786,68.0,3159.0,4936.0,0.0
MA_56 MA_84,-0.07194911554037577,1.444587995313937,0.010548542256368733,68.0,3159.0,4936.0,0.0
MA_56 MA_85,-0.04528848253759099,1.6468063758413027,0.010537521160522041,70.0,3152.0,4936.0,0.0
MA_56 MA_86,-0.143682687469123,2.0326352563941055,0.010589812702050958,68.0,3153.0,4936.0,0.0
MA_56 MA_87,-0.20964229674782173,1.8476261085657537,0.010565736264659863,66.0,3155.0,4936.0,0.0
MA_56 MA_88,-0.1972088912210325,1.632692541549114,0.010536805789437179,66.0,3146.0,4936.0,0.0
MA_56 MA_89,-0.21054274686327246,1.4933615601734664,0.010537711331395963,66.0,3143.0,4936.0,0.0
MA_56 MA_90,-0.29686977447694457,1.537911038003414,0.010475644243043801,66.0,3141.0,4936.0,0.0
MA_56 MA_91,-0.33234225480653123,1.4532240100849654,0.01046812489199332,62.0,3126.0,4936.0,0.0
MA_56 MA_92,-0.33162769876334985,1.4380333772835963,0.010504395418983724,60.0,3127.0,4936.0,0.0
MA_56 MA_93,-0.23617346640675174,1.3680934163322034,0.01055580671525061,60.0,3125.0,4936.0,0.0
MA_56 MA_94,-0.23683899069946773,1.2967844463970892,0.010555937568672725,58.0,3130.0,4936.0,0.0
MA_56 MA_95,-0.13755674923318748,1.2525554197472188,0.010528379118823478,54.0,3134.0,4936.0,0.0
MA_56 MA_96,-0.042125223745210195,1.1275524486842863,0.010540075980812755,58.0,3132.0,4936.0,0.0
MA_56 MA_97,-0.03178860121701306,1.3327100456966443,0.010540626787320768,56.0,3139.0,4936.0,0.0
MA_56 MA_98,-0.018353916037249205,1.3579061162554389,0.010544274705736609,56.0,3144.0,4936.0,0.0
MA_56 MA_99,0.05722100590335309,1.5623207966421617,0.01044994624969479,54.0,3150.0,4936.0,0.0
MA_56 MA_100,0.03945700343261148,1.5323743466828037,0.010448426707147714,52.0,3152.0,4936.0,0.0
MA_57 MA_67,0.13184728654906755,1.270716230051685,0.010348188885898871,142.0,3081.0,4936.0,0.0
MA_57 MA_68,0.008234345499872292,1.1095444323220987,0.010457381325071452,126.0,3091.0,4936.0,0.0
MA_57 MA_69,-0.20939292598071857,0.9179167594507498,0.010595288095272139,120.0,3096.0,4936.0,0.0
MA_57 MA_70,-0.25377938134395406,0.8636857145843422,0.010631596313869436,116.0,3112.0,4936.0,0.0
MA_57 MA_71,-0.12694603360385232,1.2466669711506695,0.010532948443564798,108.0,3134.0,4936.0,0.0
MA_57 MA_72,-0.14242020095378136,1.3699265034696024,0.010535494775488584,98.0,3147.0,4936.0,0.0
MA_57 MA_73,-0.11495415934587395,1.3592714661176002,0.010523223888662217,84.0,3122.0,4936.0,0.0
MA_57 MA_74,-0.13069807369479947,1.1977194141572438,0.010531759304419281,84.0,3118.0,4936.0,0.0
MA_57 MA_75,-0.13069807369480013,1.655156320779379,0.010531759304419283,88.0,3131.0,4936.0,0.0
MA_57 MA_76,-0.1062222556605702,1.6970216446524375,0.010553297649697868,84.0,3133.0,4936.0,0.0
MA_57 MA_77,-0.09256716281559287,1.2809282406061837,0.01055432032861254,80.0,3131.0,4936.0,0.0
MA_57 MA_78,0.02143579281351173,1.5907329478766359,0.010522915602251116,84.0,3126.0,4936.0,0.0
MA_57 MA_79,0.021435792813511705,1.5634794233351959,0.010522915602251128,82.0,3137.0,4936.0,0.0
MA_57 MA_80,-0.1324131645272192,1.3744791660068456,0.010491731215390621,80.0,3131.0,4936.0,0.0
MA_57 MA_81,-0.21556942206017826,1.5265431520410702,0.01052709735347255,78.0,3140.0,4936.0,0.0
MA_57 MA_82,-0.21556942206017696,1.5353046894806104,0.010527097353472547,74.0,3147.0,4936.0,0.0
MA_57 MA_83,-0.07488415412109065,1.3355913491885043,0.01054849476480184,70.0,3155.0,4936.0,0.0
MA_57 MA_84,-0.03147878365547904,1.5521830528414942,0.010538509711651121,70.0,3156.0,4936.0,0.0
MA_57 MA_85,-0.14368268746912227,1.7439724207268936,0.010589812702050961,68.0,3162.0,4936.0,0.0
MA_57 MA_86,-0.25199978459028927,1.7427588010605093,0.010525457647449667,66.0,3160.0,4936.0,0.0
MA_57 MA_87,-0.37419803943337626,1.6529880385894553,0.010490279596566707,66.0,3161.0,4936.0,0.0
MA_57 MA_88,-0.31862185423416545,1.7772171877166616,0.010472720544159087,68.0,3155.0,4936.0,0.0
MA_57 MA_89,-0.3186218542341638,1.5875919993939878,0.010472720544159098,64.0,3147.0,4936.0,0.0
MA_57 MA_90,-0.3323422548065312,1.5363938156119405,0.010468124891993322,66.0,3147.0,4936.0,0.0
MA_57 MA_91,-0.2578947508979876,1.6166432095312468,0.010485126859871415,66.0,3143.0,4936.0,0.0
MA_57 MA_92,-0.31408855343678865,1.5445376392982304,0.0105028205492911,62.0,3133.0,4936.0,0.0
MA_57 MA_93,-0.15997034308747743,1.206094755200676,0.010535387869021359,58.0,3139.0,4936.0,0.0
MA_57 MA_94,-0.17861741122175934,1.1958305385016308,0.010537213101674695,56.0,3139.0,4936.0,0.0
MA_57 MA_95,0.002397960400846152,1.2816049768379307,0.010559363958555877,54.0,3136.0,4936.0,0.0
MA_57 MA_96,0.012789725768221594,1.2217570750720914,0.010559894518894213,54.0,3137.0,4936.0,0.0
MA_57 MA_97,-0.05114492646972176,1.2914365937068069,0.010538673290121267,54.0,3139.0,4936.0,0.0
MA_57 MA_98,-0.07159045224458044,1.468300942932331,0.010535956516530401,54.0,3142.0,4936.0,0.0
MA_57 MA_99,0.0028962858523374634,1.6304541897362594,0.010441720975806952,56.0,3230.0,4936.0,0.0
MA_57 MA_100,0.029814427853394183,1.5349261744812024,0.010445341461267976,54.0,3234.0,4936.0,0.0
MA_58 MA_68,-0.08478319711642278,0.8870327893955652,0.010553022450913097,134.0,3095.0,4936.0,0.0
MA_58 MA_69,-0.12893627524004475,0.9810735259434098,0.010559499136719677,124.0,3105.0,4936.0,0.0
MA_58 MA_70,-0.18276495289176373,0.8411982191466163,0.010595660325998858,118.0,3109.0,4936.0,0.0
MA_58 MA_71,-0.0844155255516105,1.0912292195774844,0.010491994936421294,116.0,3124.0,4936.0,0.0
MA_58 MA_72,-0.1697535298234398,1.2446670104525066,0.010539480094937697,98.0,3133.0,4936.0,0.0
MA_58 MA_73,-0.1678716968761386,1.1518320396447672,0.010541114763117409,98.0,3137.0,4936.0,0.0
MA_58 MA_74,-0.14499051801075982,1.4435204012404212,0.010533556660780137,88.0,3127.0,4936.0,0.0
MA_58 MA_75,-0.1062222556605714,1.265615976804681,0.01055329764969788,86.0,3119.0,4936.0,0.0
MA_58 MA_76,-0.10622225566057082,1.2698622228811067,0.010553297649697872,86.0,3124.0,4936.0,0.0
MA_58 MA_77,0.02143579281351172,1.2603141903646633,0.010522915602251121,84.0,3132.0,4936.0,0.0
MA_58 MA_78,-0.07830449368805871,1.232370285857375,0.010474297731602343,86.0,3131.0,4936.0,0.0
MA_58 MA_79,-0.15963590815863415,1.1630234255495169,0.010509977733802134,82.0,3126.0,4936.0,0.0
MA_58 MA_80,-0.21556942206017626,1.124985910757939,0.010527097353472549,82.0,3136.0,4936.0,0.0
MA_58 MA_81,-0.3237043063652046,1.4011098444389862,0.010462017523800467,80.0,3137.0,4936.0,0.0
MA_58 MA_82,-0.1980203841678687,1.403846690757962,0.010491593183495596,78.0,3148.0,4936.0,0.0
MA_58 MA_83,-0.1416942047846381,1.3190158037347213,0.010474369987018338,72.0,3155.0,4936.0,0.0
MA_58 MA_84,-0.23862623995479737,1.481712362712111,0.010526569447863565,68.0,3159.0,4936.0,0.0
MA_58 MA_85,-0.28277396454054204,1.3101428523543799,0.010515300170717582,68.0,3156.0,4936.0,0.0
MA_58 MA_86,-0.2916065180857975,1.4574380854334148,0.010513418232582226,68.0,3158.0,4936.0,0.0
MA_58 MA_87,-0.35676945256267506,1.7379033274331501,0.010488736958120429,66.0,3155.0,4936.0,0.0
MA_58 MA_88,-0.37039546081579117,1.7560699041932843,0.010484124134513762,66.0,3161.0,4936.0,0.0
MA_58 MA_89,-0.3147412828082714,1.605211038057976,0.01046654421178679,66.0,3156.0,4936.0,0.0
MA_58 MA_90,-0.31474128280827,1.480318569829576,0.010466544211786792,64.0,3151.0,4936.0,0.0
MA_58 MA_91,-0.25647439224367413,1.5667009445650861,0.010484202273827658,66.0,3159.0,4936.0,0.0
MA_58 MA_92,-0.17895047466472416,1.3596642211210463,0.010533328104293183,62.0,3155.0,4936.0,0.0
MA_58 MA_93,-0.1789504746647234,1.0823139331836136,0.010533328104293188,58.0,3149.0,4936.0,0.0
MA_58 MA_94,-0.1665475739209275,1.081912313470692,0.010552354731542344,56.0,3142.0,4936.0,0.0
MA_58 MA_95,-0.07682589631068769,1.1874292060216756,0.010562601130000883,54.0,3136.0,4936.0,0.0
MA_58 MA_96,-0.04061733534204827,1.2269612817849151,0.010551657936599922,56.0,3215.0,4936.0,0.0
MA_58 MA_97,-0.007815209631981455,1.3303565396397454,0.010557238046229418,56.0,3220.0,4936.0,0.0
MA_58 MA_98,-0.15278878661236633,1.5039290489886712,0.010571656287637805,56.0,3224.0,4936.0,0.0
MA_58 MA_99,0.04583324309249086,1.5859500946929632,0.010362454955569284,56.0,3231.0,4936.0,0.0
MA_58 MA_100,0.2758556241922557,1.755748066023406,0.010225977038221087,56.0,3237.0,4936.0,0.0
MA_59 MA_69,-0.16561755085665822,0.8981277796196099,0.0105624374666099,134.0,3099.0,4936.0,0.0
MA_59 MA_70,-0.18563317098389798,0.9688940563375541,0.010595599038732705,126.0,3106.0,4936.0,0.0
MA_59 MA_71,-0.15027582734687128,0.9006162261323667,0.010505800832668605,120.0,3113.0,4936.0,0.0
MA_59 MA_72,-0.19627451155837355,1.232107545993137,0.010438576599474869,118.0,3130.0,4936.0,0.0
MA_59 MA_73,-0.29503554667702514,1.3944463823725282,0.010478137988564597,98.0,3133.0,4936.0,0.0
MA_59 MA_74,-0.14499051801075993,1.041835044185405,0.010533556660780128,92.0,3127.0,4936.0,0.0
MA_59 MA_75,-0.17095163538698638,1.0030923306591877,0.010509552235793128,86.0,3123.0,4936.0,0.0
MA_59 MA_76,-0.08914876172475007,1.0551341295576147,0.010473325910290454,86.0,3120.0,4936.0,0.0
MA_59 MA_77,-0.07535006170793726,1.1672546641433712,0.010474345920660202,82.0,3122.0,4936.0,0.0
MA_59 MA_78,-0.15963590815863676,1.2136321250501267,0.010509977733802139,82.0,3126.0,4936.0,0.0
MA_59 MA_79,-0.3237043063652045,1.3334899278225074,0.01046201752380047,82.0,3127.0,4936.0,0.0
MA_59 MA_80,-0.28197140977008045,1.5840812810355773,0.010452417304073596,82.0,3122.0,4936.0,0.0
MA_59 MA_81,-0.19802038416786924,1.6948026885805239,0.010491593183495603,82.0,3131.0,4936.0,0.0
MA_59 MA_82,-0.18003168205759798,1.7395538727672633,0.010489908757360089,84.0,3140.0,4936.0,0.0
MA_59 MA_83,-0.27600552378172194,1.0658702781096547,0.010541866716624755,78.0,3151.0,4936.0,0.0
MA_59 MA_84,-0.2650982385894483,1.307645591944322,0.010513687686706106,70.0,3160.0,4936.0,0.0
MA_59 MA_85,-0.27830302653026523,1.5149067455408,0.01051455502970783,68.0,3158.0,4936.0,0.0
MA_59 MA_86,-0.27830302653026584,1.8125722722779032,0.010514555029707833,70.0,3157.0,4936.0,0.0
MA_59 MA_87,-0.323916755635322,1.7351786630573964,0.010506669595308842,68.0,3160.0,4936.0,0.0
MA_59 MA_88,-0.38884377750176313,1.5517292019052058,0.010481877045606408,66.0,3158.0,4936.0,0.0
MA_59 MA_89,-0.388843777501763,1.4341833335564567,0.010481877045606412,64.0,3162.0,4936.0,0.0
MA_59 MA_90,-0.27526127441438675,1.4608223106820377,0.010482052308964188,64.0,3162.0,4936.0,0.0
MA_59 MA_91,-0.2752612744143857,1.4599797066838702,0.010482052308964202,62.0,3159.0,4936.0,0.0
MA_59 MA_92,-0.17895047466472486,1.4118093896122268,0.010533328104293182,60.0,3157.0,4936.0,0.0
MA_59 MA_93,-0.18353101528012444,1.201605426113654,0.010550686509477398,60.0,3162.0,4936.0,0.0
MA_59 MA_94,-0.08527773916412089,1.207585357218382,0.010602856303574631,58.0,3235.0,4936.0,0.0
MA_59 MA_95,-0.14155272298421137,1.2652523283448196,0.010579573744826262,62.0,3226.0,4936.0,0.0
MA_59 MA_96,-0.008480378453859608,1.2867552718082114,0.010546200634677502,56.0,3219.0,4936.0,0.0
MA_59 MA_97,0.2332128143665866,1.5158501407822045,0.010340614494952246,56.0,3217.0,4936.0,0.0
MA_59 MA_98,0.1452518628671509,1.7225896929831683,0.010378026626087054,56.0,3223.0,4936.0,0.0
MA_59 MA_99,0.10651847704865099,1.7641339178762059,0.010360347721453745,58.0,3233.0,4936.0,0.0
MA_59 MA_100,0.07353935655181995,1.636940429977309,0.010355147521380564,56.0,3240.0,4936.0,0.0
MA_60 MA_70,-0.3154083297251317,0.8993355069299371,0.010534816197001962,128.0,3112.0,4936.0,0.0
MA_60 MA_71,-0.25941924851333814,0.7925506964503677,0.01044090212478171,122.0,3111.0,4936.0,0.0
MA_60 MA_72,-0.31016110586290774,1.2383539458632784,0.01039051490414348,116.0,3119.0,4936.0,0.0
MA_60 MA_73,-0.3740653103152442,1.064391109895738,0.010426425759341943,106.0,3128.0,4936.0,0.0
MA_60 MA_74,-0.30048182264472756,0.992220563221375,0.010422739936354867,92.0,3135.0,4936.0,0.0
MA_60 MA_75,-0.17095163538698693,1.210065442092168,0.010509552235793135,88.0,3132.0,4936.0,0.0
MA_60 MA_76,-0.1703045540459491,1.5753095141743843,0.010508971502222268,88.0,3119.0,4936.0,0.0
MA_60 MA_77,-0.11676466968563301,1.5076682143183158,0.010500112962563412,84.0,3121.0,4936.0,0.0
MA_60 MA_78,-0.28197140977008034,1.5263827353923247,0.010452417304073602,82.0,3124.0,4936.0,0.0
MA_60 MA_79,-0.19802038416786943,1.7800570322258134,0.010491593183495592,84.0,3126.0,4936.0,0.0
MA_60 MA_80,-0.18003168205759737,1.8653495992341926,0.010489908757360084,84.0,3119.0,4936.0,0.0
MA_60 MA_81,-0.18003168205759734,1.844189209313789,0.010489908757360085,80.0,3126.0,4936.0,0.0
MA_60 MA_82,-0.31984685617957176,1.7274593720092648,0.010530538930606119,82.0,3132.0,4936.0,0.0
MA_60 MA_83,-0.33835840668253864,1.5526313684309923,0.01052834367957771,78.0,3138.0,4936.0,0.0
MA_60 MA_84,-0.3513726997676582,1.5180019645602711,0.010529165410541325,72.0,3151.0,4936.0,0.0
MA_60 MA_85,-0.3863651643262044,1.7640065267592284,0.0105215935933026,68.0,3154.0,4936.0,0.0
MA_60 MA_86,-0.31067433230445196,1.7200490979365104,0.010507826624706965,66.0,3158.0,4936.0,0.0
MA_60 MA_87,-0.31067433230445035,1.4591788934788306,0.01050782662470695,66.0,3157.0,4936.0,0.0
MA_60 MA_88,-0.2832615280255208,1.6035276812278623,0.01048633181051642,66.0,3159.0,4936.0,0.0
MA_60 MA_89,-0.29206858331822877,1.5937263165188917,0.010480291895239689,62.0,3156.0,4936.0,0.0
MA_60 MA_90,-0.292068583318228,1.3349813366315626,0.010480291895239694,66.0,3160.0,4936.0,0.0
MA_60 MA_91,-0.23096245659170112,1.5583649384162301,0.010524637896476901,60.0,3158.0,4936.0,0.0
MA_60 MA_92,-0.23096245659170042,1.3456355968534486,0.010524637896476903,60.0,3162.0,4936.0,0.0
MA_60 MA_93,-0.18353101528012508,1.1332887040400554,0.0105506865094774,60.0,3236.0,4936.0,0.0
MA_60 MA_94,0.14995830310250763,1.3315930499363273,0.010387952999887064,60.0,3236.0,4936.0,0.0
MA_60 MA_95,0.16076815023979651,1.5932952381012337,0.010388429440542376,58.0,3236.0,4936.0,0.0
MA_60 MA_96,0.1868939962425519,1.4248840951380357,0.010351222725236758,58.0,3231.0,4936.0,0.0
MA_60 MA_97,0.1535019026699264,1.6521393059605214,0.010346122073270356,56.0,3236.0,4936.0,0.0
MA_60 MA_98,0.11214277797218887,1.705376344843566,0.010372885930898084,54.0,3239.0,4936.0,0.0
MA_60 MA_99,0.07353935655182137,1.7390666753580049,0.010355147521380557,54.0,3238.0,4936.0,0.0
MA_60 MA_100,0.13521441708007553,1.7578405632240321,0.010321373090551549,50.0,3245.0,4936.0,0.0
MA_61 MA_71,-0.35476961852358097,1.1826950917072745,0.01039097180416571,128.0,3117.0,4936.0,0.0
MA_61 MA_72,-0.34869156701838044,1.1606426091332542,0.010406677358355702,114.0,3119.0,4936.0,0.0
MA_61 MA_73,-0.36290418068599595,1.0565866334196237,0.010429664072796309,108.0,3125.0,4936.0,0.0
MA_61 MA_74,-0.2109287038266646,1.2978190783463082,0.010435514138514224,98.0,3129.0,4936.0,0.0
MA_61 MA_75,-0.2094777281557429,1.4380385896461565,0.010531373304465729,94.0,3131.0,4936.0,0.0
MA_61 MA_76,-0.113836240057733,1.514867065873959,0.010500165879366054,88.0,3126.0,4936.0,0.0
MA_61 MA_77,-0.11676466968563376,1.6934393823816452,0.010500112962563405,86.0,3109.0,4936.0,0.0
MA_61 MA_78,-0.19802038416786946,1.626772891713422,0.01049159318349559,80.0,3116.0,4936.0,0.0
MA_61 MA_79,-0.22471662913188076,1.4743308009409875,0.010478717033751101,80.0,3119.0,4936.0,0.0
MA_61 MA_80,-0.3198468561795707,1.4969847670930223,0.010530538930606131,84.0,3120.0,4936.0,0.0
MA_61 MA_81,-0.4577913058358577,1.767627366563362,0.010616263938985106,84.0,3129.0,4936.0,0.0
MA_61 MA_82,-0.45779130583585775,1.5672207955979287,0.010616263938985104,78.0,3143.0,4936.0,0.0
MA_61 MA_83,-0.5044670053244713,1.262023495141099,0.010609294099075612,80.0,3139.0,4936.0,0.0
MA_61 MA_84,-0.4028079162075901,1.425074690172377,0.010519753762655777,80.0,3144.0,4936.0,0.0
MA_61 MA_85,-0.3814478591609089,1.8011054615595725,0.010522749999598088,68.0,3156.0,4936.0,0.0
MA_61 MA_86,-0.32474103298264495,1.523283514116744,0.010504348952093335,66.0,3154.0,4936.0,0.0
MA_61 MA_87,-0.26990377177833036,1.6299261381599557,0.010487466039728202,66.0,3161.0,4936.0,0.0
MA_61 MA_88,-0.21282287094064928,1.524718837663876,0.010505898668247906,64.0,3165.0,4936.0,0.0
MA_61 MA_89,-0.030347429556427837,1.617888468055066,0.010294874815298413,64.0,3157.0,4936.0,0.0
MA_61 MA_90,-0.035675593698350286,1.6669397732593567,0.010315161005631816,62.0,3152.0,4936.0,0.0
MA_61 MA_91,-0.03567559369835028,1.5300613017341473,0.01031516100563182,62.0,3160.0,4936.0,0.0
MA_61 MA_92,0.013829584746236115,1.373100219975508,0.010341326212791898,60.0,3159.0,4936.0,0.0
MA_61 MA_93,0.04694570511355525,1.156537908928795,0.010335683548534537,60.0,3239.0,4936.0,0.0
MA_61 MA_94,0.11685755842989971,1.3676903279119994,0.010382823502832273,60.0,3241.0,4936.0,0.0
MA_61 MA_95,0.14201487507101976,1.499895354128678,0.010384218026508298,58.0,3241.0,4936.0,0.0
MA_61 MA_96,0.09181428438108444,1.3643378398122423,0.010365079928919205,54.0,3237.0,4936.0,0.0
MA_61 MA_97,0.15316599529892216,1.614625694107589,0.010346403825957194,54.0,3238.0,4936.0,0.0
MA_61 MA_98,0.1809425501518277,1.5950099911558708,0.010349893899537825,54.0,3245.0,4936.0,0.0
MA_61 MA_99,0.2272176611909464,1.704686835627696,0.010339294854474454,54.0,3249.0,4936.0,0.0
MA_61 MA_100,0.201029546323489,1.7611107511792103,0.01034255099640812,50.0,3253.0,4936.0,0.0
MA_62 MA_72,-0.3374673099696928,0.8694899754384124,0.010409908444589297,126.0,3122.0,4936.0,0.0
MA_62 MA_73,-0.3213541195723522,0.9973000713325877,0.010420107755331426,112.0,3129.0,4936.0,0.0
MA_62 MA_74,-0.3071107332915606,0.9100849712305714,0.010469087582483144,102.0,3131.0,4936.0,0.0
MA_62 MA_75,-0.27059242682028184,0.935997113400941,0.01051842797479037,100.0,3123.0,4936.0,0.0
MA_62 MA_76,-0.11044899853914988,1.3047993582318131,0.010524095168566098,94.0,3129.0,4936.0,0.0
MA_62 MA_77,-0.1336640549285139,1.622074479360295,0.010544948080053993,94.0,3120.0,4936.0,0.0
MA_62 MA_78,-0.24258247940308325,1.4583329970741952,0.010480367917247584,88.0,3114.0,4936.0,0.0
MA_62 MA_79,-0.3198468561795708,1.3047438738114914,0.010530538930606128,78.0,3108.0,4936.0,0.0
MA_62 MA_80,-0.4577913058358583,1.652954153113305,0.010616263938985106,82.0,3125.0,4936.0,0.0
MA_62 MA_81,-0.5044670053244712,1.6989323609377105,0.010609294099075614,80.0,3126.0,4936.0,0.0
MA_62 MA_82,-0.5204488147199142,1.4990950293603489,0.010607374479278895,82.0,3128.0,4936.0,0.0
MA_62 MA_83,-0.5204488147199156,1.2629754200325265,0.010607374479278894,78.0,3143.0,4936.0,0.0
MA_62 MA_84,-0.3205554370898674,1.5356918668613315,0.010405160370195845,78.0,3142.0,4936.0,0.0
MA_62 MA_85,-0.2624508243422416,1.9213077564418586,0.010386376400888332,70.0,3149.0,4936.0,0.0
MA_62 MA_86,-0.07489823548348856,1.7976190564690526,0.0103137097041289,66.0,3159.0,4936.0,0.0
MA_62 MA_87,-0.0748982354834872,1.6877624851438617,0.0103137097041289,66.0,3158.0,4936.0,0.0
MA_62 MA_88,-0.11133100918192462,1.6289261938539354,0.010306743549863587,64.0,3150.0,4936.0,0.0
MA_62 MA_89,0.0007889842982266507,1.8495894487122273,0.010334001164302468,64.0,3151.0,4936.0,0.0
MA_62 MA_90,0.000788984298225292,1.6089571182583464,0.010334001164302466,64.0,3152.0,4936.0,0.0
MA_62 MA_91,0.014173065843168018,1.5304132342422356,0.010330392460465012,60.0,3152.0,4936.0,0.0
MA_62 MA_92,0.20393969825454117,1.3296632188554676,0.010345807275883325,62.0,3151.0,4936.0,0.0
MA_62 MA_93,0.11685755842989719,1.3542299420270583,0.010382823502832256,60.0,3235.0,4936.0,0.0
MA_62 MA_94,0.21855786954711548,1.3628009050250425,0.010346671810118337,58.0,3236.0,4936.0,0.0
MA_62 MA_95,0.22952504391479764,1.3741280044428494,0.010347121662648754,58.0,3242.0,4936.0,0.0
MA_62 MA_96,0.1786069285768549,1.5512349081787646,0.010328085815586733,56.0,3242.0,4936.0,0.0
MA_62 MA_97,0.15210266633875225,1.6955871200445292,0.010346407313198686,54.0,3241.0,4936.0,0.0
MA_62 MA_98,0.17987487394811305,1.870200578122291,0.010349898530790491,54.0,3248.0,4936.0,0.0
MA_62 MA_99,0.15498426249197475,1.9210585939066362,0.010353100914076313,54.0,3254.0,4936.0,0.0
MA_62 MA_100,0.15334932939196427,1.9311176382579451,0.010331985560407717,50.0,3256.0,4936.0,0.0
MA_63 MA_73,-0.35065088003569755,1.1084240302771762,0.01047818954524147,126.0,3124.0,4936.0,0.0
MA_63 MA_74,-0.35107571744961147,1.084598006647583,0.01045762269565346,106.0,3135.0,4936.0,0.0
MA_63 MA_75,0.02414573800701177,1.2651731563834683,0.010349103357551752,102.0,3129.0,4936.0,0.0
MA_63 MA_76,0.0914332626291979,1.7402078677310016,0.010313556476854526,98.0,3126.0,4936.0,0.0
MA_63 MA_77,-0.09088714503662235,1.6383317012707317,0.010380023209750027,94.0,3125.0,4936.0,0.0
MA_63 MA_78,-0.3723757365633633,1.1719369534246047,0.010524557302120624,88.0,3114.0,4936.0,0.0
MA_63 MA_79,-0.4740073879705101,1.512958852178412,0.01061088880814586,88.0,3117.0,4936.0,0.0
MA_63 MA_80,-0.5044670053244729,1.603472100002295,0.010609294099075623,82.0,3120.0,4936.0,0.0
MA_63 MA_81,-0.5204488147199153,1.771207670624264,0.010607374479278885,80.0,3121.0,4936.0,0.0
MA_63 MA_82,-0.5204488147199148,1.5458776223684216,0.010607374479278897,80.0,3123.0,4936.0,0.0
MA_63 MA_83,-0.3175712623299989,1.4591993672616153,0.010403226355404287,80.0,3128.0,4936.0,0.0
MA_63 MA_84,-0.26245082434224076,1.7496066242947137,0.01038637640088834,80.0,3134.0,4936.0,0.0
MA_63 MA_85,-0.23609293421440466,1.415867339448639,0.01039936842211612,80.0,3145.0,4936.0,0.0
MA_63 MA_86,-0.23609293421440627,2.1147204773636883,0.010399368422116109,72.0,3149.0,4936.0,0.0
MA_63 MA_87,-0.043874268689278705,1.6661582205625205,0.010352821570594157,66.0,3153.0,4936.0,0.0
MA_63 MA_88,-0.04387426868927868,1.6118688800043293,0.010352821570594164,64.0,3154.0,4936.0,0.0
MA_63 MA_89,0.1344454513411555,1.6959617076972684,0.010292362037237105,64.0,3144.0,4936.0,0.0
MA_63 MA_90,0.11435950727723126,1.534144499553448,0.01029446857187631,62.0,3148.0,4936.0,0.0
MA_63 MA_91,0.203939698254541,1.5153365505460918,0.010345807275883334,60.0,3150.0,4936.0,0.0
MA_63 MA_92,0.2039396982545397,1.458516430530211,0.01034580727588333,62.0,3229.0,4936.0,0.0
MA_63 MA_93,0.21380937603136072,1.2966440456538049,0.010346269292463075,62.0,3235.0,4936.0,0.0
MA_63 MA_94,0.22844885984662522,1.3559570308074718,0.010347128280465481,58.0,3237.0,4936.0,0.0
MA_63 MA_95,0.26323160020269665,1.624155533809296,0.010352455111518092,58.0,3242.0,4936.0,0.0
MA_63 MA_96,0.26323160020269654,1.7240034746276467,0.010352455111518095,56.0,3244.0,4936.0,0.0
MA_63 MA_97,0.09043287639414084,1.6383130212049992,0.01036536130855141,56.0,3247.0,4936.0,0.0
MA_63 MA_98,0.07088191651643919,1.6715694150406004,0.01035822139729089,54.0,3248.0,4936.0,0.0
MA_63 MA_99,0.04647106062855693,1.7124919324257268,0.010361316101299064,52.0,3259.0,4936.0,0.0
MA_63 MA_100,0.08839599646403977,1.7887436888151838,0.01034619193366125,50.0,3260.0,4936.0,0.0
MA_64 MA_74,-0.07407383724972583,1.123619754366914,0.010287320474374131,118.0,3137.0,4936.0,0.0
MA_64 MA_75,-0.01350012373763485,1.215127954927898,0.010342001274562624,108.0,3133.0,4936.0,0.0
MA_64 MA_76,-0.13930831779122133,1.6504225073718688,0.010372568962067034,100.0,3123.0,4936.0,0.0
MA_64 MA_77,-0.23377767486217693,1.3676989074397925,0.010308985334959704,100.0,3122.0,4936.0,0.0
MA_64 MA_78,-0.17037701887020937,1.4695454790175213,0.010292442394835496,92.0,3126.0,4936.0,0.0
MA_64 MA_79,-0.44968837079258756,1.2676092706285411,0.010591386897623902,88.0,3116.0,4936.0,0.0
MA_64 MA_80,-0.44968837079258794,1.5980979175033658,0.010591386897623907,86.0,3113.0,4936.0,0.0
MA_64 MA_81,-0.49688081226232317,1.4659247214529603,0.010608598734128984,86.0,3117.0,4936.0,0.0
MA_64 MA_82,-0.3175712623299982,1.3523538461190299,0.010403226355404286,90.0,3116.0,4936.0,0.0
MA_64 MA_83,-0.31757126232999966,1.5622779758480019,0.010403226355404284,82.0,3119.0,4936.0,0.0
MA_64 MA_84,-0.2914316088852587,1.80373070800706,0.010416262033373513,80.0,3122.0,4936.0,0.0
MA_64 MA_85,-0.2471701571426741,1.3880788990023003,0.010373662371213996,78.0,3136.0,4936.0,0.0
MA_64 MA_86,-0.09261331707172496,2.1006891854200553,0.010408109189853654,76.0,3141.0,4936.0,0.0
MA_64 MA_87,-0.09261331707172564,1.666785926042524,0.010408109189853654,68.0,3149.0,4936.0,0.0
MA_64 MA_88,-0.0795585696286948,1.5358735845000435,0.01040457736716752,64.0,3145.0,4936.0,0.0
MA_64 MA_89,0.05416349967756869,1.5618027935072774,0.01031261404357448,64.0,3151.0,4936.0,0.0
MA_64 MA_90,0.11329749616980811,1.4485656688661006,0.010294470439264299,62.0,3145.0,4936.0,0.0
MA_64 MA_91,0.21748349983244586,1.4379150980332946,0.010346677980513554,56.0,3149.0,4936.0,0.0
MA_64 MA_92,0.2284488598466238,1.424141904041484,0.010347128280465485,58.0,3228.0,4936.0,0.0
MA_64 MA_93,0.18061026648306996,1.5060640037675062,0.01033661791154353,58.0,3229.0,4936.0,0.0
MA_64 MA_94,0.21518950121156158,1.5016011089610979,0.010342013773856193,58.0,3236.0,4936.0,0.0
MA_64 MA_95,0.15412861478296028,1.373002277509424,0.010360312814739842,58.0,3244.0,4936.0,0.0
MA_64 MA_96,0.06768976427959263,1.4159176276099097,0.01039739167357963,58.0,3246.0,4936.0,0.0
MA_64 MA_97,0.11317829206466737,1.4964940938077897,0.01037844865886388,56.0,3241.0,4936.0,0.0
MA_64 MA_98,0.14070832565190797,1.685557713604409,0.010381970649093618,52.0,3254.0,4936.0,0.0
MA_64 MA_99,0.027460104584137134,1.6607886620328771,0.010364993057886877,52.0,3254.0,4936.0,0.0
MA_64 MA_100,0.08839599646404112,1.7965113658203116,0.010346191933661252,50.0,3258.0,4936.0,0.0
MA_65 MA_75,-0.14624831666810925,1.5930804711507873,0.01038993689265562,116.0,3134.0,4936.0,0.0
MA_65 MA_76,-0.05659539595669053,1.3316458419473092,0.01033640259157717,106.0,3131.0,4936.0,0.0
MA_65 MA_77,-0.10524598110092064,1.5281870192827784,0.010254445333469978,102.0,3124.0,4936.0,0.0
MA_65 MA_78,-0.19953057625969384,1.9022785238698376,0.010346098950411555,96.0,3126.0,4936.0,0.0
MA_65 MA_79,-0.3867987952928703,1.798536943320252,0.010553581527687901,88.0,3122.0,4936.0,0.0
MA_65 MA_80,-0.53100451418906,1.7728006341702578,0.010601132153371261,88.0,3119.0,4936.0,0.0
MA_65 MA_81,-0.5300796729535004,1.4046540711858895,0.01060115844250177,88.0,3119.0,4936.0,0.0
MA_65 MA_82,-0.295457186285017,2.036599878793609,0.01041474325843609,86.0,3123.0,4936.0,0.0
MA_65 MA_83,-0.32636682080173046,1.936247402700686,0.01040902859265281,88.0,3118.0,4936.0,0.0
MA_65 MA_84,-0.3263668208017313,1.3263210897840114,0.010409028592652804,82.0,3114.0,4936.0,0.0
MA_65 MA_85,-0.14948500493203376,1.5559562157768334,0.010425339595427517,82.0,3127.0,4936.0,0.0
MA_65 MA_86,-0.11860468049447614,1.8921531223651074,0.010419955897866736,78.0,3135.0,4936.0,0.0
MA_65 MA_87,-0.13760126327141692,1.214356406618526,0.010421836524522592,72.0,3133.0,4936.0,0.0
MA_65 MA_88,-0.08057698521489567,1.2487112976981813,0.010404571091422283,70.0,3142.0,4936.0,0.0
MA_65 MA_89,0.020284812270333984,1.157784756783701,0.010457023748673529,66.0,3141.0,4936.0,0.0
MA_65 MA_90,0.109133195486495,1.3639654495844558,0.010354350404382333,62.0,3142.0,4936.0,0.0
MA_65 MA_91,0.18061026648307152,1.3481710237665991,0.010336617911543519,62.0,3221.0,4936.0,0.0
MA_65 MA_92,0.18061026648307146,1.4068060830604114,0.010336617911543522,58.0,3223.0,4936.0,0.0
MA_65 MA_93,0.2248047996081348,1.463008120877371,0.010341471281630609,58.0,3229.0,4936.0,0.0
MA_65 MA_94,0.22480479960813354,1.3132511652210432,0.010341471281630604,58.0,3227.0,4936.0,0.0
MA_65 MA_95,0.0770258239259038,1.2324666079707334,0.01039690609564049,58.0,3238.0,4936.0,0.0
MA_65 MA_96,0.07702582392590389,1.332573893298223,0.010396906095640477,56.0,3244.0,4936.0,0.0
MA_65 MA_97,0.1646218966999545,1.4175845382645287,0.010382348574745934,56.0,3249.0,4936.0,0.0
MA_65 MA_98,0.1254802807578591,1.53732840363273,0.010384621950355348,54.0,3255.0,4936.0,0.0
MA_65 MA_99,0.0796732047536796,1.4930966343314553,0.010351130473353945,52.0,3256.0,4936.0,0.0
MA_65 MA_100,0.03920624232190574,1.553855119171927,0.010359494382584008,50.0,3258.0,4936.0,0.0
MA_66 MA_76,-0.00904462434597796,1.4132038844674004,0.010317845583813198,110.0,3128.0,4936.0,0.0
MA_66 MA_77,-0.1254314043756688,1.5023502934787523,0.010411409835186111,100.0,3127.0,4936.0,0.0
MA_66 MA_78,-0.23619363387733203,1.7422943548547485,0.010338950036260374,100.0,3121.0,4936.0,0.0
MA_66 MA_79,-0.4703176958889834,1.429852665175765,0.010563223729087587,92.0,3130.0,4936.0,0.0
MA_66 MA_80,-0.4831226717775369,1.546698742295007,0.010557493333181896,88.0,3127.0,4936.0,0.0
MA_66 MA_81,-0.34059706421156644,1.4778549317630656,0.010403287103719214,90.0,3118.0,4936.0,0.0
MA_66 MA_82,-0.33913303677316375,2.0062762211125658,0.010409809818898625,86.0,3124.0,4936.0,0.0
MA_66 MA_83,-0.21160800539878033,1.6503332439111489,0.010456478288091074,86.0,3122.0,4936.0,0.0
MA_66 MA_84,-0.13081994089263285,1.1035505109265817,0.01042086407210269,84.0,3118.0,4936.0,0.0
MA_66 MA_85,-0.13182818805947022,1.5938016476062322,0.01042085559640153,78.0,3118.0,4936.0,0.0
MA_66 MA_86,-0.13760126327141706,1.5169290321500482,0.010421836524522584,82.0,3132.0,4936.0,0.0
MA_66 MA_87,-0.18274055499630332,1.301171244307072,0.010410715625996412,76.0,3129.0,4936.0,0.0
MA_66 MA_88,-0.08311734858317228,1.1869636045860297,0.0104635694265536,70.0,3134.0,4936.0,0.0
MA_66 MA_89,-0.08311734858317095,1.1694695900508916,0.010463569426553599,66.0,3138.0,4936.0,0.0
MA_66 MA_90,-0.006094268941532978,1.3413235063315732,0.010446337861713605,64.0,3141.0,4936.0,0.0
MA_66 MA_91,0.1293640219830502,1.6054704811579503,0.01035433895733103,64.0,3217.0,4936.0,0.0
MA_66 MA_92,0.16363218830646226,1.3429869520939786,0.010359793527548658,64.0,3227.0,4936.0,0.0
MA_66 MA_93,0.16363218830646367,1.3306293638470312,0.010359793527548655,60.0,3229.0,4936.0,0.0
MA_66 MA_94,0.12956386751146187,1.2440307328010785,0.010382982199886509,58.0,3231.0,4936.0,0.0
MA_66 MA_95,0.12956386751146196,1.3058039670517627,0.010382982199886502,60.0,3234.0,4936.0,0.0
MA_66 MA_96,0.15714890601320708,1.2880274369907094,0.010386484864999919,60.0,3241.0,4936.0,0.0
MA_66 MA_97,0.03571787730129908,1.4444096765211043,0.010477230848298314,58.0,3249.0,4936.0,0.0
MA_66 MA_98,0.20811501120264533,1.4216389656478623,0.0103702258393334,54.0,3254.0,4936.0,0.0
MA_66 MA_99,0.16454410479030224,1.471627072607546,0.010373665507306208,54.0,3256.0,4936.0,0.0
MA_66 MA_100,0.05387246217745105,1.5596128423156292,0.010358351053957854,52.0,3259.0,4936.0,0.0
MA_67 MA_77,-0.13880510182090477,1.4023669024150984,0.010407217726944579,106.0,3128.0,4936.0,0.0
MA_67 MA_78,-0.2768947568722916,1.3469315760281955,0.010332122368470437,100.0,3126.0,4936.0,0.0
MA_67 MA_79,-0.5127158080538701,1.485763753449684,0.010551584018741195,94.0,3133.0,4936.0,0.0
MA_67 MA_80,-0.4061930246557512,1.9447576316819508,0.01056932610783524,92.0,3132.0,4936.0,0.0
MA_67 MA_81,-0.49341092128626207,1.353750870511778,0.010604118284942813,90.0,3124.0,4936.0,0.0
MA_67 MA_82,-0.2473247511645842,1.5395396053703072,0.010444889713598473,92.0,3121.0,4936.0,0.0
MA_67 MA_83,-0.13081994089263152,1.8545182787476047,0.010420864072102689,86.0,3132.0,4936.0,0.0
MA_67 MA_84,-0.14977413430497857,1.066055267596667,0.010422734590964999,84.0,3126.0,4936.0,0.0
MA_67 MA_85,-0.15077903856703578,1.2868079920778706,0.010422725295889343,80.0,3119.0,4936.0,0.0
MA_67 MA_86,-0.19582997398312604,1.4943247528261452,0.010411579742911856,78.0,3122.0,4936.0,0.0
MA_67 MA_87,-0.09636567815551016,1.2518788325386225,0.010464485093630271,74.0,3131.0,4936.0,0.0
MA_67 MA_88,-0.08734240012799566,1.1780007424073542,0.010464064561198588,76.0,3124.0,4936.0,0.0
MA_67 MA_89,-0.06371278194733507,1.3290588666034533,0.010463712415454272,70.0,3130.0,4936.0,0.0
MA_67 MA_90,-0.01287976187017897,1.5032035605833003,0.01045017326335258,68.0,3216.0,4936.0,0.0
MA_67 MA_91,0.07898722914619413,1.448441091941072,0.010438179168837899,64.0,3219.0,4936.0,0.0
MA_67 MA_92,0.07898722914619281,1.0262945095126055,0.010438179168837896,64.0,3220.0,4936.0,0.0
MA_67 MA_93,0.12956386751146198,1.2034622975407117,0.010382982199886499,64.0,3234.0,4936.0,0.0
MA_67 MA_94,0.14442126346985065,1.3127617724737624,0.010381788502869917,60.0,3235.0,4936.0,0.0
MA_67 MA_95,0.03571787730129909,1.261756232857893,0.01047723084829831,60.0,3237.0,4936.0,0.0
MA_67 MA_96,0.03571787730129907,1.1845976280600543,0.010477230848298316,60.0,3242.0,4936.0,0.0
MA_67 MA_97,0.08069654093000264,1.3128733347804138,0.010455894638406776,60.0,3242.0,4936.0,0.0
MA_67 MA_98,0.0806965409300013,1.2035273324487852,0.010455894638406777,60.0,3259.0,4936.0,0.0
MA_67 MA_99,0.23632092649717312,1.4755663556824654,0.010348627335371726,56.0,3260.0,4936.0,0.0
MA_67 MA_100,0.12423200159143452,1.8026516658699587,0.01033358348144522,56.0,3258.0,4936.0,0.0
MA_68 MA_78,-0.24342094946104081,1.8869371038161886,0.010362624203400256,108.0,3131.0,4936.0,0.0
MA_68 MA_79,-0.4016273720594934,1.8959690753010583,0.010567651184573871,102.0,3126.0,4936.0,0.0
MA_68 MA_80,-0.4185755669024945,1.4106556856542287,0.010570045492385586,92.0,3126.0,4936.0,0.0
MA_68 MA_81,-0.08603736643184268,1.6644058261218388,0.010401401325127764,92.0,3129.0,4936.0,0.0
MA_68 MA_82,-0.18935943778123274,1.6619030114418085,0.010432295192596443,88.0,3123.0,4936.0,0.0
MA_68 MA_83,-0.08049808704979475,1.8892219249521762,0.010409442581406709,90.0,3122.0,4936.0,0.0
MA_68 MA_84,-0.14087885189343588,1.14810759614322,0.01042328802530619,84.0,3133.0,4936.0,0.0
MA_68 MA_85,-0.08641908506975299,1.2813464151827305,0.010465022741297465,88.0,3131.0,4936.0,0.0
MA_68 MA_86,-0.0864190850697524,1.4703258169442996,0.010465022741297455,82.0,3133.0,4936.0,0.0
MA_68 MA_87,-0.08734240012799703,1.5407568703972951,0.010464064561198584,72.0,3128.0,4936.0,0.0
MA_68 MA_88,-0.02630597441983899,1.6328570843216546,0.010451129398347176,72.0,3125.0,4936.0,0.0
MA_68 MA_89,-0.026305974419839024,1.6748626289701862,0.010451129398347163,72.0,3125.0,4936.0,0.0
MA_68 MA_90,0.006883991559936731,1.5623172096291884,0.010456742941742961,68.0,3212.0,4936.0,0.0
MA_68 MA_91,0.03486467046302864,1.3026632319495475,0.01045464700803419,68.0,3219.0,4936.0,0.0
MA_68 MA_92,-0.048776885693017094,1.0997527758138457,0.010490992923305785,66.0,3226.0,4936.0,0.0
MA_68 MA_93,0.008857453303730986,1.377781651660837,0.010473627970994534,64.0,3231.0,4936.0,0.0
MA_68 MA_94,0.10503279291850257,1.2645564624383363,0.010452794131974754,62.0,3237.0,4936.0,0.0
MA_68 MA_95,0.10503279291849985,1.2359956198593163,0.010452794131974759,60.0,3244.0,4936.0,0.0
MA_68 MA_96,0.0806965409300013,1.4107599861277933,0.010455894638406776,62.0,3247.0,4936.0,0.0
MA_68 MA_97,0.07133091700268465,1.2961871363706576,0.010447078861479456,64.0,3249.0,4936.0,0.0
MA_68 MA_98,0.07133091700268468,1.285814219888874,0.010447078861479452,60.0,3259.0,4936.0,0.0
MA_68 MA_99,0.3181369161493761,1.6233964454341745,0.010317041333209449,58.0,3258.0,4936.0,0.0
MA_68 MA_100,0.3786494674414893,1.91389387951036,0.010166528151055398,54.0,3261.0,4936.0,0.0
MA_69 MA_79,-0.27251208470919025,1.2788772384150597,0.010607062410323992,110.0,3139.0,4936.0,0.0
MA_69 MA_80,-0.2605519142634039,1.7318742359925343,0.01061048947592497,100.0,3132.0,4936.0,0.0
MA_69 MA_81,-0.07173901598491057,2.130593123180741,0.010400337129247499,92.0,3126.0,4936.0,0.0
MA_69 MA_82,-0.19414425425678522,1.6570036374511412,0.010433129178265055,92.0,3132.0,4936.0,0.0
MA_69 MA_83,-0.11185485053040688,1.5039047469682956,0.010397378600130392,88.0,3127.0,4936.0,0.0
MA_69 MA_84,0.03376186381492038,1.3469326394936223,0.0104607480235704,90.0,3128.0,4936.0,0.0
MA_69 MA_85,0.0008668774569354801,1.0645807601230923,0.010491679523313488,84.0,3138.0,4936.0,0.0
MA_69 MA_86,0.0060893058590176154,1.482918334040784,0.010492863408250678,84.0,3134.0,4936.0,0.0
MA_69 MA_87,-0.0670278270295882,1.841836064683076,0.010465168428671043,74.0,3129.0,4936.0,0.0
MA_69 MA_88,0.017003681597822312,1.7978109070419275,0.010457237708123525,70.0,3137.0,4936.0,0.0
MA_69 MA_89,0.03147870920034052,1.6335518450350786,0.010456117968056034,70.0,3128.0,4936.0,0.0
MA_69 MA_90,0.021334695747115655,1.6671364602795387,0.010455629143469371,72.0,3208.0,4936.0,0.0
MA_69 MA_91,0.00581719182498702,1.2205771086793598,0.010467799429675316,66.0,3220.0,4936.0,0.0
MA_69 MA_92,0.019295774905613444,1.228041392616015,0.010466827004838444,68.0,3223.0,4936.0,0.0
MA_69 MA_93,0.10503279291850129,1.191912102207552,0.010452794131974748,64.0,3234.0,4936.0,0.0
MA_69 MA_94,0.18398912776735327,1.2154907275974676,0.010421920530128853,66.0,3239.0,4936.0,0.0
MA_69 MA_95,0.15924852214614527,1.3510825420798747,0.010425105916194439,62.0,3243.0,4936.0,0.0
MA_69 MA_96,0.13056205299605902,1.4372829570493835,0.01042935355774171,60.0,3255.0,4936.0,0.0
MA_69 MA_97,0.2378358209431615,1.6375130328270222,0.010314062868725594,60.0,3253.0,4936.0,0.0
MA_69 MA_98,0.19606960279223942,1.8190510076262814,0.010322707840589179,60.0,3267.0,4936.0,0.0
MA_69 MA_99,0.397797160206131,1.8165265470479253,0.01016981409181417,58.0,3269.0,4936.0,0.0
MA_69 MA_100,0.4313064705941342,2.187829235022136,0.0101578980392984,58.0,3268.0,4936.0,0.0
MA_70 MA_80,-0.28614401256124466,1.7350807264165273,0.010606336179510437,100.0,3139.0,4936.0,0.0
MA_70 MA_81,-0.27229809923048987,1.698283934643647,0.010610170336852678,98.0,3139.0,4936.0,0.0
MA_70 MA_82,-0.12766518324897233,1.6926270620548025,0.010409246863198196,88.0,3139.0,4936.0,0.0
MA_70 MA_83,0.13214516197433393,1.4281652014616006,0.010453053002171376,90.0,3135.0,4936.0,0.0
MA_70 MA_84,0.17809379744952808,1.2584381471531279,0.010463536697059763,86.0,3131.0,4936.0,0.0
MA_70 MA_85,0.13242192839578212,1.2404564758177874,0.01045404381742341,88.0,3137.0,4936.0,0.0
MA_70 MA_86,0.07489681430814468,1.578793102049783,0.010468546393397771,86.0,3136.0,4936.0,0.0
MA_70 MA_87,0.09097211322849307,1.785800321458853,0.010484698631236869,78.0,3131.0,4936.0,0.0
MA_70 MA_88,0.10559241037568864,1.4829097635133568,0.010483538282709055,70.0,3134.0,4936.0,0.0
MA_70 MA_89,-0.052093519725542325,1.6887670151150171,0.01049244721425478,66.0,3137.0,4936.0,0.0
MA_70 MA_90,0.015924490838326616,1.6960502211533615,0.01046829411358663,68.0,3211.0,4936.0,0.0
MA_70 MA_91,0.015924490838325273,1.2853476914592434,0.010468294113586627,68.0,3217.0,4936.0,0.0
MA_70 MA_92,0.12066775825495502,1.2634684313294562,0.010441267643591722,62.0,3234.0,4936.0,0.0
MA_70 MA_93,0.09967378819070644,1.2299941612928844,0.01044290510341505,62.0,3236.0,4936.0,0.0
MA_70 MA_94,0.32962206725796867,1.3617814210266008,0.010291233492681427,62.0,3241.0,4936.0,0.0
MA_70 MA_95,0.3296220672579703,1.6846608880771323,0.010291233492681419,62.0,3248.0,4936.0,0.0
MA_70 MA_96,0.23783582094316313,1.6650779932272317,0.010314062868725583,60.0,3256.0,4936.0,0.0
MA_70 MA_97,0.12910974051189242,1.82512876033039,0.010301478066812805,62.0,3263.0,4936.0,0.0
MA_70 MA_98,0.12910974051189394,1.7349564662693453,0.010301478066812789,58.0,3269.0,4936.0,0.0
MA_70 MA_99,0.18327007479444132,1.8330961178130862,0.01029116096857897,56.0,3277.0,4936.0,0.0
MA_70 MA_100,0.5224841736304003,2.271731244576861,0.010138618902686415,56.0,3273.0,4936.0,0.0
MA_71 MA_81,-0.1103918269342231,1.8490632741522681,0.010639025783625168,100.0,3140.0,4936.0,0.0
MA_71 MA_82,0.04612182436311867,1.4148378348258328,0.010489457285052337,98.0,3142.0,4936.0,0.0
MA_71 MA_83,0.21152459504046994,1.4327103240283008,0.010422096066193404,88.0,3139.0,4936.0,0.0
MA_71 MA_84,0.26906239393542625,1.608779479467779,0.01043289775258236,90.0,3136.0,4936.0,0.0
MA_71 MA_85,0.294825201539143,1.5642619064369767,0.010455339932298026,86.0,3133.0,4936.0,0.0
MA_71 MA_86,0.5162843501464267,1.7429459061718164,0.010325369214845781,84.0,3142.0,4936.0,0.0
MA_71 MA_87,0.42489120827601545,2.133928126095565,0.01035256857362663,78.0,3132.0,4936.0,0.0
MA_71 MA_88,0.10132485957246545,1.6407672728812353,0.010552591318380808,72.0,3139.0,4936.0,0.0
MA_71 MA_89,0.08980522397043983,1.670755484158303,0.010495729305554225,68.0,3136.0,4936.0,0.0
MA_71 MA_90,0.19573433710242885,1.5345186054920972,0.010468460908680383,68.0,3218.0,4936.0,0.0
MA_71 MA_91,0.19573433710242868,1.2805801181995546,0.010468460908680392,66.0,3218.0,4936.0,0.0
MA_71 MA_92,0.2637801838088879,1.3130340714985014,0.010311172714316667,64.0,3225.0,4936.0,0.0
MA_71 MA_93,0.25311936285309017,1.498280338189189,0.01031077119733552,60.0,3236.0,4936.0,0.0
MA_71 MA_94,0.23170450102491605,1.5668490571474205,0.010274701184429115,60.0,3237.0,4936.0,0.0
MA_71 MA_95,0.2317045010249163,1.9604744961384628,0.010274701184429103,60.0,3248.0,4936.0,0.0
MA_71 MA_96,0.2169036539116097,1.8105365282250792,0.01028228500597986,58.0,3254.0,4936.0,0.0
MA_71 MA_97,0.17516621756515724,1.8472306465595705,0.01029092258940417,58.0,3263.0,4936.0,0.0
MA_71 MA_98,0.1832700747944428,1.6987353919308683,0.010291160968578964,58.0,3271.0,4936.0,0.0
MA_71 MA_99,0.23221358518214838,1.7437847729477762,0.010272962000233372,54.0,3279.0,4936.0,0.0
MA_71 MA_100,0.38591107535755526,1.9842275844995867,0.01007868879892495,52.0,3275.0,4936.0,0.0
MA_72 MA_82,0.13457795710228784,2.1127188188912616,0.010459358534639024,100.0,3144.0,4936.0,0.0
MA_72 MA_83,0.48127857889310427,1.9251752856955577,0.010320336671031105,98.0,3148.0,4936.0,0.0
MA_72 MA_84,0.5300521271891905,1.9919094687185521,0.010330342767108284,90.0,3149.0,4936.0,0.0
MA_72 MA_85,0.5061968803809804,2.4401812557806055,0.01032601627021831,84.0,3148.0,4936.0,0.0
MA_72 MA_86,0.35463386845832084,1.5512291799927196,0.01034318746834216,84.0,3140.0,4936.0,0.0
MA_72 MA_87,0.35463386845831973,2.1457509669314785,0.010343187468342153,76.0,3140.0,4936.0,0.0
MA_72 MA_88,0.3546338684583197,1.7541870503892305,0.010343187468342155,74.0,3137.0,4936.0,0.0
MA_72 MA_89,0.13272668431402418,1.7805601927732635,0.01051076163797109,76.0,3222.0,4936.0,0.0
MA_72 MA_90,0.2782543839304183,1.479382177826221,0.010500620891620495,70.0,3220.0,4936.0,0.0
MA_72 MA_91,0.42612139356484835,1.416760469685281,0.010370405485445716,66.0,3218.0,4936.0,0.0
MA_72 MA_92,0.34112811863782433,1.4099922288547253,0.010338293426367539,64.0,3225.0,4936.0,0.0
MA_72 MA_93,0.16693190052690488,1.6192351633736521,0.010294434942968703,62.0,3229.0,4936.0,0.0
MA_72 MA_94,0.1704654131012778,1.6561022141434334,0.010292922485934391,60.0,3236.0,4936.0,0.0
MA_72 MA_95,0.17516621756515838,2.0279313321243126,0.010290922589404184,60.0,3243.0,4936.0,0.0
MA_72 MA_96,0.23827415161273527,1.7334554869641328,0.010271628613341013,60.0,3255.0,4936.0,0.0
MA_72 MA_97,0.23827415161273535,1.7527402775593042,0.01027162861334101,58.0,3262.0,4936.0,0.0
MA_72 MA_98,0.05616188542195155,1.5252435621457363,0.010196065128652959,58.0,3274.0,4936.0,0.0
MA_72 MA_99,0.101541772225452,1.621926649050359,0.010212429427417109,56.0,3276.0,4936.0,0.0
MA_72 MA_100,0.38591107535755526,1.9455592298192967,0.01007868879892495,52.0,3277.0,4936.0,0.0
MA_73 MA_83,0.5174118597990416,2.1516887347459535,0.010325351125962428,100.0,3148.0,4936.0,0.0
MA_73 MA_84,0.3878152377798158,1.840667938744227,0.010367060089629034,102.0,3157.0,4936.0,0.0
MA_73 MA_85,0.23976000085869453,2.0401614942817403,0.01039511035866657,92.0,3154.0,4936.0,0.0
MA_73 MA_86,0.24186444411427457,2.4251484348807284,0.010398147696961757,84.0,3148.0,4936.0,0.0
MA_73 MA_87,0.32428052169733174,2.3912646357306064,0.010387211052809398,78.0,3143.0,4936.0,0.0
MA_73 MA_88,0.3242805216973317,2.1175241140563217,0.0103872110528094,76.0,3222.0,4936.0,0.0
MA_73 MA_89,0.3628330552063376,2.2069450676004143,0.010371133357983333,76.0,3221.0,4936.0,0.0
MA_73 MA_90,0.19243800732360541,1.6126464732733878,0.010504206783238738,72.0,3210.0,4936.0,0.0
MA_73 MA_91,0.3196240473857507,1.4285205159719698,0.010421918821105587,70.0,3222.0,4936.0,0.0
MA_73 MA_92,0.3276001311077466,1.5428616580141177,0.010354355688743343,66.0,3225.0,4936.0,0.0
MA_73 MA_93,0.2903957416672089,1.9480579758940069,0.0103111466938046,64.0,3230.0,4936.0,0.0
MA_73 MA_94,0.1610985576409161,1.726771724040987,0.01029199650719489,60.0,3231.0,4936.0,0.0
MA_73 MA_95,0.23827415161273388,2.0450676997818893,0.010271628613341015,60.0,3240.0,4936.0,0.0
MA_73 MA_96,0.1410322408569632,1.8672984312799157,0.01021917286831104,60.0,3246.0,4936.0,0.0
MA_73 MA_97,0.07011563682485399,1.6651615598250218,0.010195039101961753,56.0,3256.0,4936.0,0.0
MA_73 MA_98,0.041693661531600444,1.5794022511788754,0.010195094410575345,58.0,3268.0,4936.0,0.0
MA_73 MA_99,0.16286893071481054,1.7586518290898678,0.010193994236137588,56.0,3274.0,4936.0,0.0
MA_73 MA_100,0.2765937234642009,1.976407653477306,0.010107342472738718,52.0,3280.0,4936.0,0.0
MA_74 MA_84,0.3444068080408644,1.9381467849802503,0.010394137172856598,100.0,3149.0,4936.0,0.0
MA_74 MA_85,0.28632769864435587,2.5108318662265483,0.010384452686484207,100.0,3158.0,4936.0,0.0
MA_74 MA_86,0.24652155461437403,2.430505694599655,0.010380659437637689,94.0,3157.0,4936.0,0.0
MA_74 MA_87,0.36494404987454954,2.111903471465398,0.0103469111987975,88.0,3151.0,4936.0,0.0
MA_74 MA_88,0.33925983022079725,2.072698446740757,0.010350289095122162,84.0,3220.0,4936.0,0.0
MA_74 MA_89,0.26745546760700756,2.055574177429543,0.010327004560534115,76.0,3227.0,4936.0,0.0
MA_74 MA_90,0.3434384704120327,1.780965380095076,0.010383120836695252,72.0,3220.0,4936.0,0.0
MA_74 MA_91,0.1565757039102849,1.523011013393385,0.01030018862340071,70.0,3219.0,4936.0,0.0
MA_74 MA_92,0.19849965227374752,1.5678811069517287,0.010371586850056805,72.0,3225.0,4936.0,0.0
MA_74 MA_93,0.22677655406566746,1.9232716774496001,0.010300427436967173,66.0,3226.0,4936.0,0.0
MA_74 MA_94,0.12939345727658969,1.8987550299691236,0.010220437433653709,66.0,3235.0,4936.0,0.0
MA_74 MA_95,0.1269473969475226,2.248199940253682,0.010220235212210028,60.0,3240.0,4936.0,0.0
MA_74 MA_96,0.05616188542195298,2.071992394442723,0.010196065128652948,60.0,3242.0,4936.0,0.0
MA_74 MA_97,0.10154177222545195,1.8517414328533603,0.010212429427417114,60.0,3255.0,4936.0,0.0
MA_74 MA_98,0.10154177222545335,1.7582084975481918,0.010212429427417112,58.0,3267.0,4936.0,0.0
MA_74 MA_99,0.06693809239935719,1.844365838686182,0.010190273692229215,56.0,3274.0,4936.0,0.0
MA_74 MA_100,0.21898277941279437,1.9846639160624147,0.010095969838764264,54.0,3281.0,4936.0,0.0
MA_75 MA_85,0.3551143268725504,2.2060859327936635,0.010347503947945117,104.0,3160.0,4936.0,0.0
MA_75 MA_86,0.30993274382336217,2.3555055496553328,0.010361359108506933,102.0,3155.0,4936.0,0.0
MA_75 MA_87,0.3532137283991611,2.2030089609941914,0.010360520233369364,96.0,3240.0,4936.0,0.0
MA_75 MA_88,0.3532137283991611,2.350337168037531,0.010360520233369364,90.0,3228.0,4936.0,0.0
MA_75 MA_89,0.3085567474587793,1.9364589641939371,0.01036420204929742,86.0,3222.0,4936.0,0.0
MA_75 MA_90,0.3085567474587795,1.5484454005339678,0.010364202049297415,78.0,3228.0,4936.0,0.0
MA_75 MA_91,0.26646712704652664,1.4230644910096095,0.010372917473180749,76.0,3220.0,4936.0,0.0
MA_75 MA_92,0.24318478133904456,1.8743553695290842,0.010320764189803109,72.0,3221.0,4936.0,0.0
MA_75 MA_93,0.16166604043960303,1.6924674576101904,0.010289525131517556,70.0,3224.0,4936.0,0.0
MA_75 MA_94,0.2986914500370829,2.06552949351128,0.010281231041178306,66.0,3230.0,4936.0,0.0
MA_75 MA_95,0.06661919919747962,2.144827036825372,0.010196552229587583,64.0,3238.0,4936.0,0.0
MA_75 MA_96,0.04932282376636267,1.9497995298360338,0.01019929345989918,60.0,3244.0,4936.0,0.0
MA_75 MA_97,0.049322823766363995,1.6888309127974308,0.010199293459899192,60.0,3246.0,4936.0,0.0
MA_75 MA_98,0.06693809239935714,1.6419003342346077,0.010190273692229223,62.0,3263.0,4936.0,0.0
MA_75 MA_99,0.21898277941279454,1.882248770348284,0.010095969838764257,58.0,3270.0,4936.0,0.0
MA_75 MA_100,0.33186729549232813,1.8229860860063645,0.010087991920234464,54.0,3274.0,4936.0,0.0
MA_76 MA_86,0.2455868383944773,1.8735225834415608,0.010362396604590427,104.0,3166.0,4936.0,0.0
MA_76 MA_87,0.29995685954015144,1.988718679967878,0.010348080054314838,102.0,3241.0,4936.0,0.0
MA_76 MA_88,0.2556339300696755,1.833377151609306,0.010351678407528606,96.0,3237.0,4936.0,0.0
MA_76 MA_89,0.20069421439480534,1.6356410529714052,0.010366431528321386,86.0,3232.0,4936.0,0.0
MA_76 MA_90,0.22043990874559444,1.7865686558694036,0.010356690236001451,82.0,3223.0,4936.0,0.0
MA_76 MA_91,0.2204399087455928,1.3949167439361214,0.010356690236001465,78.0,3228.0,4936.0,0.0
MA_76 MA_92,0.4297963549396619,1.7511819094553398,0.010247588237768097,74.0,3220.0,4936.0,0.0
MA_76 MA_93,0.3423767815761188,1.948140466293951,0.010213932780413278,68.0,3222.0,4936.0,0.0
MA_76 MA_94,0.32197584507796567,2.3679597018611376,0.010164045162918129,68.0,3229.0,4936.0,0.0
MA_76 MA_95,0.4219252793352978,2.170113422393664,0.010093899434634908,68.0,3230.0,4936.0,0.0
MA_76 MA_96,0.06325639294261624,1.789986072297919,0.010198271507524415,64.0,3246.0,4936.0,0.0
MA_76 MA_97,0.06693809239935714,1.627883795470352,0.010190273692229223,64.0,3249.0,4936.0,0.0
MA_76 MA_98,0.20817682037327412,1.7527328001893974,0.01009553957518614,62.0,3256.0,4936.0,0.0
MA_76 MA_99,0.3034433151348667,1.7603804898410287,0.010100777815702297,60.0,3270.0,4936.0,0.0
MA_76 MA_100,0.3673531676421431,1.8485479737573942,0.010081910194144648,56.0,3278.0,4936.0,0.0
MA_77 MA_87,0.24045783727615894,1.9686859246809179,0.010352939252122037,104.0,3249.0,4936.0,0.0
MA_77 MA_88,0.2344948068794352,1.6802609114241163,0.010360669002889351,94.0,3242.0,4936.0,0.0
MA_77 MA_89,0.254387603603416,1.5864810836803072,0.01035089717289644,94.0,3242.0,4936.0,0.0
MA_77 MA_90,0.3993102638408777,1.8570540900178232,0.010256632443528374,86.0,3236.0,4936.0,0.0
MA_77 MA_91,0.37257393180963777,1.6605290160238888,0.010262839735736431,82.0,3234.0,4936.0,0.0
MA_77 MA_92,0.37257393180963577,1.5572946620332329,0.010262839735736448,76.0,3227.0,4936.0,0.0
MA_77 MA_93,0.5575185399244211,2.149772012881656,0.010244941537691565,74.0,3232.0,4936.0,0.0
MA_77 MA_94,0.48367288073226977,2.127590190561399,0.010210432396664222,74.0,3233.0,4936.0,0.0
MA_77 MA_95,0.387938757840813,1.9263366717389618,0.01017922760543017,70.0,3238.0,4936.0,0.0
MA_77 MA_96,0.28564082833612986,1.8616625324856004,0.01007572762923463,64.0,3241.0,4936.0,0.0
MA_77 MA_97,0.25743763942187536,1.9867063813325654,0.010088481979364827,64.0,3247.0,4936.0,0.0
MA_77 MA_98,0.29250539748630355,1.9407155101857905,0.010100381528155813,64.0,3266.0,4936.0,0.0
MA_77 MA_99,0.36735316764214315,1.8409161942333445,0.010081910194144646,60.0,3264.0,4936.0,0.0
MA_77 MA_100,0.4652084941676131,1.99593445572135,0.010110204081598333,56.0,3278.0,4936.0,0.0
MA_78 MA_88,0.1823808169195467,1.7444074366925526,0.010375978830083248,102.0,3254.0,4936.0,0.0
MA_78 MA_89,0.2936428446406564,1.5283742620876244,0.01030728718011428,90.0,3248.0,4936.0,0.0
MA_78 MA_90,0.3018830380808119,1.7377641283620187,0.010307488645773279,90.0,3246.0,4936.0,0.0
MA_78 MA_91,0.3645361850056911,1.750124992865239,0.01028898976582352,90.0,3242.0,4936.0,0.0
MA_78 MA_92,0.39130178273463556,2.157897168280043,0.010311455912578826,82.0,3238.0,4936.0,0.0
MA_78 MA_93,0.40588024102293163,2.0783696500453095,0.010310261686356147,80.0,3231.0,4936.0,0.0
MA_78 MA_94,0.4679086208298317,2.383311599471648,0.01026909587921083,76.0,3237.0,4936.0,0.0
MA_78 MA_95,0.4266819916081341,1.8416364468051052,0.010219990731640002,68.0,3243.0,4936.0,0.0
MA_78 MA_96,0.3208934467040384,1.8503324013636866,0.01006969754797608,68.0,3242.0,4936.0,0.0
MA_78 MA_97,0.37110181650436247,1.9347980224949244,0.01008033969658135,64.0,3250.0,4936.0,0.0
MA_78 MA_98,0.3711018165043627,1.880677882394814,0.010080339696581344,60.0,3255.0,4936.0,0.0
MA_78 MA_99,0.45401651422126643,2.0338583097301943,0.010109871689690308,58.0,3271.0,4936.0,0.0
MA_78 MA_100,0.48101484114047194,1.788890885330758,0.01010883436826019,58.0,3274.0,4936.0,0.0
MA_79 MA_89,0.37983680072666215,1.7522090849782086,0.010287694484198476,92.0,3258.0,4936.0,0.0
MA_79 MA_90,0.4829004463950556,1.7752182111055155,0.01033471331826909,90.0,3255.0,4936.0,0.0
MA_79 MA_91,0.5454649094137373,1.8460778241874851,0.010350806323775892,88.0,3252.0,4936.0,0.0
MA_79 MA_92,0.509038481628609,2.1775212680222524,0.010357077782642983,88.0,3245.0,4936.0,0.0
MA_79 MA_93,0.4525632987757647,2.140595662247192,0.010366564102484157,80.0,3244.0,4936.0,0.0
MA_79 MA_94,0.3501340513110094,1.9820905341130142,0.010319582991434595,78.0,3244.0,4936.0,0.0
MA_79 MA_95,0.4277322633550576,1.9268737185140803,0.010252142376809348,66.0,3249.0,4936.0,0.0
MA_79 MA_96,0.34659724483834736,1.986968628916348,0.01016448640430278,66.0,3249.0,4936.0,0.0
MA_79 MA_97,0.3711018165043625,1.8106424959181608,0.010080339696581349,64.0,3252.0,4936.0,0.0
MA_79 MA_98,0.4540165142212667,1.7882944234348463,0.0101098716896903,60.0,3262.0,4936.0,0.0
MA_79 MA_99,0.4540165142212668,1.9332687603291103,0.010109871689690299,56.0,3267.0,4936.0,0.0
MA_79 MA_100,0.5249485250289029,1.6707407769116678,0.010120688639249904,56.0,3271.0,4936.0,0.0
MA_80 MA_90,0.5603532855317758,1.8240760102511984,0.0103495364319362,88.0,3263.0,4936.0,0.0
MA_80 MA_91,0.5446935623371646,1.927328542115328,0.01035092299113063,90.0,3260.0,4936.0,0.0
MA_80 MA_92,0.4525632987757647,1.7328360424330391,0.010366564102484157,88.0,3257.0,4936.0,0.0
MA_80 MA_93,0.45256329877576473,1.9811797977573442,0.010366564102484155,82.0,3246.0,4936.0,0.0
MA_80 MA_94,0.423684390890781,2.0552204751868395,0.010350091146504824,80.0,3252.0,4936.0,0.0
MA_80 MA_95,0.23697540369092823,1.9463894541845472,0.0102702649375658,70.0,3253.0,4936.0,0.0
MA_80 MA_96,0.5702230843221332,1.6586861529477446,0.010189813793507257,64.0,3258.0,4936.0,0.0
MA_80 MA_97,0.5434134690701395,1.822032371843119,0.010143531471083924,64.0,3254.0,4936.0,0.0
MA_80 MA_98,0.4540165142212665,1.7302792525183284,0.010109871689690306,60.0,3261.0,4936.0,0.0
MA_80 MA_99,0.5090506121566953,1.9787576139111631,0.01012208076937203,60.0,3271.0,4936.0,0.0
MA_80 MA_100,0.5249485250289028,1.4835110558245113,0.010120688639249906,54.0,3274.0,4936.0,0.0
MA_81 MA_91,0.6853022217062018,1.7175610611383991,0.010509478617518832,94.0,3264.0,4936.0,0.0
MA_81 MA_92,0.5547400141054377,1.707098845597966,0.0104913171304382,88.0,3258.0,4936.0,0.0
MA_81 MA_93,0.6046170353833957,1.8976019098265828,0.010501094088131213,88.0,3254.0,4936.0,0.0
MA_81 MA_94,0.6046170353833956,1.8890900614272796,0.010501094088131215,76.0,3251.0,4936.0,0.0
MA_81 MA_95,0.6003102367732914,1.879798115794931,0.010497909715558007,78.0,3255.0,4936.0,0.0
MA_81 MA_96,0.46034463972093287,1.9428970910510448,0.01024141852740926,66.0,3257.0,4936.0,0.0
MA_81 MA_97,0.5394946342904994,1.7634424098939459,0.010171243943061143,64.0,3260.0,4936.0,0.0
MA_81 MA_98,0.5090506121566969,1.5037454182934655,0.010122080769372026,62.0,3260.0,4936.0,0.0
MA_81 MA_99,0.5091094872100466,1.6816254900472845,0.010122071716180656,58.0,3263.0,4936.0,0.0
MA_81 MA_100,0.5091094872100455,1.4154450798871392,0.01012207171618065,56.0,3274.0,4936.0,0.0
MA_82 MA_92,0.706774453543989,1.988332744953706,0.010567057598454612,94.0,3272.0,4936.0,0.0
MA_82 MA_93,0.7067744535439889,2.133646626999641,0.010567057598454613,90.0,3261.0,4936.0,0.0
MA_82 MA_94,0.7895399798411784,1.92628339332214,0.010594217562349123,78.0,3257.0,4936.0,0.0
MA_82 MA_95,0.9606354778652498,1.9523446156604827,0.010552619877378476,74.0,3256.0,4936.0,0.0
MA_82 MA_96,0.6197105458965987,1.7503652684292477,0.010300128003490474,70.0,3258.0,4936.0,0.0
MA_82 MA_97,0.534308724907025,1.7611107633529066,0.010269964302559468,66.0,3262.0,4936.0,0.0
MA_82 MA_98,0.4932528466611557,1.5595289266281789,0.010123455162366506,62.0,3261.0,4936.0,0.0
MA_82 MA_99,0.5091094872100457,1.570880828714663,0.010122071716180646,62.0,3269.0,4936.0,0.0
MA_82 MA_100,0.5445984996070643,1.5061113919208795,0.010126742766110045,56.0,3270.0,4936.0,0.0
MA_83 MA_93,0.955580329159926,2.1876282831848783,0.010550576780705005,94.0,3275.0,4936.0,0.0
MA_83 MA_94,0.9555803291599246,1.6794195909209835,0.010550576780705005,84.0,3265.0,4936.0,0.0
MA_83 MA_95,0.9246104790885884,1.9051077933006946,0.010533064679489248,80.0,3262.0,4936.0,0.0
MA_83 MA_96,0.9083556842890551,1.8349727084791057,0.010534611972831825,72.0,3261.0,4936.0,0.0
MA_83 MA_97,0.6290489711458699,1.6862687202700215,0.010389238873194736,70.0,3266.0,4936.0,0.0
MA_83 MA_98,0.5393180871989948,1.3266817954441819,0.010225892747215288,66.0,3263.0,4936.0,0.0
MA_83 MA_99,0.5445984996070636,1.6300281217143988,0.010126742766110057,60.0,3262.0,4936.0,0.0
MA_83 MA_100,0.5445984996070626,1.6105284363559709,0.01012674276611005,56.0,3271.0,4936.0,0.0
MA_84 MA_94,0.9410414952052212,1.6997749303330933,0.010533572105437242,96.0,3278.0,4936.0,0.0
MA_84 MA_95,0.9247463513757205,1.8076522678512288,0.010535127615637727,80.0,3269.0,4936.0,0.0
MA_84 MA_96,0.8343565171646331,1.7629842270388019,0.010503933675843801,76.0,3271.0,4936.0,0.0
MA_84 MA_97,0.8865158298221499,1.6383549225065526,0.010506487360750728,70.0,3267.0,4936.0,0.0
MA_84 MA_98,0.8799354826018352,1.6028793745039467,0.01048116515467129,68.0,3267.0,4936.0,0.0
MA_84 MA_99,0.5393318006519625,1.6355487227255314,0.010126971857162312,62.0,3266.0,4936.0,0.0
MA_84 MA_100,0.5393318006519626,1.7512709871079482,0.01012697185716231,58.0,3271.0,4936.0,0.0
MA_85 MA_95,0.9703155612024215,2.0057749519984203,0.010578970514053732,92.0,3277.0,4936.0,0.0
MA_85 MA_96,1.0687008766874588,2.0342297424875424,0.010566835652554282,78.0,3272.0,4936.0,0.0
MA_85 MA_97,1.0853767283883369,1.9803794351916109,0.010565201817416806,74.0,3273.0,4936.0,0.0
MA_85 MA_98,1.1996574256195738,1.644791365933024,0.010513247986626468,72.0,3272.0,4936.0,0.0
MA_85 MA_99,0.8710833313010599,1.6579215526688107,0.01038457454717504,68.0,3269.0,4936.0,0.0
MA_85 MA_100,0.42432444989997764,1.5133133181196503,0.010173123769538554,58.0,3273.0,4936.0,0.0
MA_86 MA_96,0.9742337097549216,1.8459953156831959,0.010612220384804588,88.0,3282.0,4936.0,0.0
MA_86 MA_97,1.0857754248423395,1.8694005424008195,0.01056084409918927,82.0,3279.0,4936.0,0.0
MA_86 MA_98,1.0857754248423397,1.7023315543678983,0.010560844099189268,74.0,3278.0,4936.0,0.0
MA_86 MA_99,0.857430772438453,1.703236699608083,0.010563162275832455,70.0,3280.0,4936.0,0.0
MA_86 MA_100,0.4738922279754125,1.3853536679944902,0.010183104950282143,66.0,3272.0,4936.0,0.0
MA_87 MA_97,1.0604139141419406,1.5531900629922752,0.010564119223345207,84.0,3288.0,4936.0,0.0
MA_87 MA_98,0.8329594718000871,1.4335969593671027,0.01056626299387951,74.0,3285.0,4936.0,0.0
MA_87 MA_99,0.6571241075507122,1.1521544382263946,0.010417748132049499,70.0,3284.0,4936.0,0.0
MA_87 MA_100,0.5032752594490526,1.043071211226883,0.010312710975482078,68.0,3284.0,4936.0,0.0
MA_88 MA_98,0.5642576469910819,1.1464219813384506,0.010458005902710779,80.0,3291.0,4936.0,0.0
MA_88 MA_99,0.5604916263013213,1.0608367344715535,0.01045779260795063,74.0,3290.0,4936.0,0.0
MA_88 MA_100,0.41551043757697936,1.1438913466945788,0.010352881533300396,68.0,3285.0,4936.0,0.0
MA_89 MA_99,0.40071303353774906,1.1005018677114276,0.010354404586821258,78.0,3295.0,4936.0,0.0
MA_89 MA_100,0.4252251868639391,1.0837202323078823,0.010353311371062641,76.0,3291.0,4936.0,0.0
MA_90 MA_100,0.42973897691879404,1.1430840137235836,0.010355332335799746,78.0,3297.0,4936.0,0.0
